ts_code,symbol,name,list_date,delist_date
FB1508.DCE,FB1508,ÏËÎ¬°å1508,20140815,20150814
M1508.DCE,M1508,¶¹ÆÉ1508,20140815,20150814
Y1508.DCE,Y1508,¶¹ÓÍ1508,20140815,20150814
BB1508.DCE,BB1508,½ººÏ°å1508,20140815,20150814
JM1508.DCE,JM1508,½¹Ãº1508,20140815,20150814
I1508.DCE,I1508,Ìú¿óÊ¯1508,20140815,20150814
A0407.DCE,A0407,¶¹Ò»0407,20030116,20040714
L1510.DCE,L1510,ËÜÁÏ1510,20141022,20151021
J1510.DCE,J1510,½¹Ì¿1510,20141022,20151021
I1510.DCE,I1510,Ìú¿óÊ¯1510,20141022,20151021
B0607.DCE,B0607,¶¹¶þ0607,20050715,20060714
M1511.DCE,M1511,¶¹ÆÉ1511,20141117,20151113
BB1511.DCE,BB1511,½ººÏ°å1511,20141117,20151113
I1511.DCE,I1511,Ìú¿óÊ¯1511,20141117,20151113
PP1511.DCE,PP1511,¾Û±ûÏ©1511,20141117,20151113
P1511.DCE,P1511,×ØéµÓÍ1511,20141117,20151113
JD1511.DCE,JD1511,¼¦µ°1511,20141117,20151113
L0904.DCE,L0904,ËÜÁÏ0904,20080416,20090415
M0609.DCE,M0609,¶¹ÆÉ0609,20050915,20060914
L1512.DCE,L1512,ËÜÁÏ1512,20141215,20151214
V1512.DCE,V1512,PVC1512,20141215,20151214
I1512.DCE,I1512,Ìú¿óÊ¯1512,20141215,20151214
FB1512.DCE,FB1512,ÏËÎ¬°å1512,20141215,20151214
CS1505.DCE,CS1505,ÓñÃ×µí·Û1505,20141219,20150515
CS1503.DCE,CS1503,ÓñÃ×µí·Û1503,20141219,20150313
C0605.DCE,C0605,ÓñÃ×0605,20050523,20060519
A0601.DCE,A0601,¶¹Ò»0601,20040715,20060117
CS1601.DCE,CS1601,ÓñÃ×µí·Û1601,20150119,20160115
Y1601.DCE,Y1601,¶¹ÓÍ1601,20150119,20160115
V1601.DCE,V1601,PVC1601,20150119,20160115
I1601.DCE,I1601,Ìú¿óÊ¯1601,20150119,20160115
M1601.DCE,M1601,¶¹ÆÉ1601,20150119,20160115
JD1601.DCE,JD1601,¼¦µ°1601,20150119,20160115
L1601.DCE,L1601,ËÜÁÏ1601,20150119,20160115
M0111.DCE,M0111,¶¹ÆÉ0111,20001115,20011114
J1602.DCE,J1602,½¹Ì¿1602,20150216,20160219
JD1602.DCE,JD1602,¼¦µ°1602,20150216,20160219
JM1602.DCE,JM1602,½¹Ãº1602,20150216,20160219
A0905.DCE,A0905,¶¹Ò»0905,20071115,20090515
L1603.DCE,L1603,ËÜÁÏ1603,20150316,20160314
V1603.DCE,V1603,PVC1603,20150316,20160314
A1609.DCE,A1609,¶¹Ò»1609,20150316,20160914
Y1603.DCE,Y1603,¶¹ÓÍ1603,20150316,20160314
PP1603.DCE,PP1603,¾Û±ûÏ©1603,20150316,20160314
M0812.DCE,M0812,¶¹ÆÉ0812,20071217,20081212
P0905.DCE,P0905,×ØéµÓÍ0905,20080519,20090515
J1604.DCE,J1604,½¹Ì¿1604,20150416,20160415
JM1604.DCE,JM1604,½¹Ãº1604,20150416,20160415
L1604.DCE,L1604,ËÜÁÏ1604,20150416,20160415
PP1604.DCE,PP1604,¾Û±ûÏ©1604,20150416,20160415
V1604.DCE,V1604,PVC1604,20150416,20160415
M0107.DCE,M0107,¶¹ÆÉ0107,20000717,20010713
A0211.DCE,A0211,¶¹Ò»0211,20011115,20021114
A0403.DCE,A0403,¶¹Ò»0403,20020916,20040312
FB1605.DCE,FB1605,ÏËÎ¬°å1605,20150518,20160516
C1605.DCE,C1605,ÓñÃ×1605,20150518,20160516
M1605.DCE,M1605,¶¹ÆÉ1605,20150518,20160516
CS1605.DCE,CS1605,ÓñÃ×µí·Û1605,20150518,20160516
L0805.DCE,L0805,ËÜÁÏ0805,20070731,20080516
L0810.DCE,L0810,ËÜÁÏ0810,20071022,20081017
J1606.DCE,J1606,½¹Ì¿1606,20150615,20160616
PP1606.DCE,PP1606,¾Û±ûÏ©1606,20150615,20160616
L0802.DCE,L0802,ËÜÁÏ0802,20070731,20080221
M0101.DCE,M0101,¶¹ÆÉ0101,20000717,20010115
A0807.DCE,A0807,¶¹Ò»0807,20070118,20080714
B1607.DCE,B1607,¶¹¶þ1607,20150715,20160714
C1607.DCE,C1607,ÓñÃ×1607,20150715,20160714
V1607.DCE,V1607,PVC1607,20150715,20160714
FB1607.DCE,FB1607,ÏËÎ¬°å1607,20150715,20160714
A1701.DCE,A1701,¶¹Ò»1701,20150715,20170116
Y1608.DCE,Y1608,¶¹ÓÍ1608,20150817,20160812
JM1608.DCE,JM1608,½¹Ãº1608,20150817,20160812
I1608.DCE,I1608,Ìú¿óÊ¯1608,20150817,20160812
FB1608.DCE,FB1608,ÏËÎ¬°å1608,20150817,20160812
P1608.DCE,P1608,×ØéµÓÍ1608,20150817,20160812
M0109.DCE,M0109,¶¹ÆÉ0109,20000717,20010914
L0803.DCE,L0803,ËÜÁÏ0803,20070731,20080314
M1609.DCE,M1609,¶¹ÆÉ1609,20150917,20160914
C1609.DCE,C1609,ÓñÃ×1609,20150917,20160914
J1609.DCE,J1609,½¹Ì¿1609,20150917,20160914
JD1609.DCE,JD1609,¼¦µ°1609,20150917,20160914
FB1609.DCE,FB1609,ÏËÎ¬°å1609,20150917,20160914
BB1609.DCE,BB1609,½ººÏ°å1609,20150917,20160914
PP1609.DCE,PP1609,¾Û±ûÏ©1609,20150917,20160914
A1703.DCE,A1703,¶¹Ò»1703,20150917,20170314
P0805.DCE,P0805,×ØéµÓÍ0805,20071029,20080516
A9901.DCE,A9901,¶¹Ò»9901,19990104,19990115
FB1610.DCE,FB1610,ÏËÎ¬°å1610,20151022,20161021
BB1610.DCE,BB1610,½ººÏ°å1610,20151022,20161021
B1611.DCE,B1611,¶¹¶þ1611,20151116,20161114
V1611.DCE,V1611,PVC1611,20151116,20161114
I1611.DCE,I1611,Ìú¿óÊ¯1611,20151116,20161114
JD1611.DCE,JD1611,¼¦µ°1611,20151116,20161114
BB1611.DCE,BB1611,½ººÏ°å1611,20151116,20161114
A1705.DCE,A1705,¶¹Ò»1705,20151116,20170515
CS1611.DCE,CS1611,ÓñÃ×µí·Û1611,20151116,20161114
P0908.DCE,P0908,×ØéµÓÍ0908,20080815,20090814
C0607.DCE,C0607,ÓñÃ×0607,20050715,20060714
M0911.DCE,M0911,¶¹ÆÉ0911,20081117,20091113
I1612.DCE,I1612,Ìú¿óÊ¯1612,20151215,20161214
J1612.DCE,J1612,½¹Ì¿1612,20151215,20161214
JD1612.DCE,JD1612,¼¦µ°1612,20151215,20161214
JM1612.DCE,JM1612,½¹Ãº1612,20151215,20161214
M1612.DCE,M1612,¶¹ÆÉ1612,20151215,20161214
PP1612.DCE,PP1612,¾Û±ûÏ©1612,20151215,20161214
Y1612.DCE,Y1612,¶¹ÓÍ1612,20151215,20161214
M0308.DCE,M0308,¶¹ÆÉ0308,20030102,20030814
Y1701.DCE,Y1701,¶¹ÓÍ1701,20160118,20170116
B1701.DCE,B1701,¶¹¶þ1701,20160118,20170116
C1701.DCE,C1701,ÓñÃ×1701,20160118,20170116
V1701.DCE,V1701,PVC1701,20160118,20170116
J1701.DCE,J1701,½¹Ì¿1701,20160118,20170116
P1701.DCE,P1701,×ØéµÓÍ1701,20160118,20170116
JM1701.DCE,JM1701,½¹Ãº1701,20160118,20170116
PP1701.DCE,PP1701,¾Û±ûÏ©1701,20160118,20170116
FB1702.DCE,FB1702,ÏËÎ¬°å1702,20160222,20170216
JM1702.DCE,JM1702,½¹Ãº1702,20160222,20170216
J1703.DCE,J1703,½¹Ì¿1703,20160315,20170314
L1703.DCE,L1703,ËÜÁÏ1703,20160315,20170314
I1703.DCE,I1703,Ìú¿óÊ¯1703,20160315,20170314
M1703.DCE,M1703,¶¹ÆÉ1703,20160315,20170314
PP1703.DCE,PP1703,¾Û±ûÏ©1703,20160315,20170314
L1704.DCE,L1704,ËÜÁÏ1704,20160418,20170418
V1704.DCE,V1704,PVC1704,20160418,20170418
J1704.DCE,J1704,½¹Ì¿1704,20160418,20170418
P1704.DCE,P1704,×ØéµÓÍ1704,20160418,20170418
JM1704.DCE,JM1704,½¹Ãº1704,20160418,20170418
JD1704.DCE,JD1704,¼¦µ°1704,20160418,20170425
FB1704.DCE,FB1704,ÏËÎ¬°å1704,20160418,20170418
J1202.DCE,J1202,½¹Ì¿1202,20110415,20120214
M0205.DCE,M0205,¶¹ÆÉ0205,20010522,20020521
J1705.DCE,J1705,½¹Ì¿1705,20160517,20170515
PP1705.DCE,PP1705,¾Û±ûÏ©1705,20160517,20170515
CS1705.DCE,CS1705,ÓñÃ×µí·Û1705,20160517,20170515
I1705.DCE,I1705,Ìú¿óÊ¯1705,20160517,20170515
L1705.DCE,L1705,ËÜÁÏ1705,20160517,20170515
M0901.DCE,M0901,¶¹ÆÉ0901,20080116,20090116
M0712.DCE,M0712,¶¹ÆÉ0712,20061215,20071214
FB1706.DCE,FB1706,ÏËÎ¬°å1706,20160617,20170614
J1706.DCE,J1706,½¹Ì¿1706,20160617,20170614
JD1706.DCE,JD1706,¼¦µ°1706,20160617,20170627
L1706.DCE,L1706,ËÜÁÏ1706,20160617,20170614
P1706.DCE,P1706,×ØéµÓÍ1706,20160617,20170614
V1706.DCE,V1706,PVC1706,20160617,20170614
L0906.DCE,L0906,ËÜÁÏ0906,20080617,20090612
J1111.DCE,J1111,½¹Ì¿1111,20110415,20111114
M0808.DCE,M0808,¶¹ÆÉ0808,20070815,20080814
C1707.DCE,C1707,ÓñÃ×1707,20160715,20170714
FB1707.DCE,FB1707,ÏËÎ¬°å1707,20160715,20170714
J1707.DCE,J1707,½¹Ì¿1707,20160715,20170714
P1707.DCE,P1707,×ØéµÓÍ1707,20160715,20170714
B0901.DCE,B0901,¶¹¶þ0901,20080116,20090116
C0703.DCE,C0703,ÓñÃ×0703,20060315,20070314
B0705.DCE,B0705,¶¹¶þ0705,20060522,20070521
M1708.DCE,M1708,¶¹ÆÉ1708,20160815,20170814
P1708.DCE,P1708,×ØéµÓÍ1708,20160815,20170814
JM1708.DCE,JM1708,½¹Ãº1708,20160815,20170814
FB1708.DCE,FB1708,ÏËÎ¬°å1708,20160815,20170814
A0107.DCE,A0107,¶¹Ò»0107,20000717,20010713
Y1709.DCE,Y1709,¶¹ÓÍ1709,20160919,20170914
B1709.DCE,B1709,¶¹¶þ1709,20160919,20170914
J1709.DCE,J1709,½¹Ì¿1709,20160919,20170914
JM1709.DCE,JM1709,½¹Ãº1709,20160919,20170914
JD1709.DCE,JD1709,¼¦µ°1709,20160919,20170926
BB1709.DCE,BB1709,½ººÏ°å1709,20160919,20170914
PP1709.DCE,PP1709,¾Û±ûÏ©1709,20160919,20170914
A1803.DCE,A1803,¶¹Ò»1803,20160919,20180314
CS1709.DCE,CS1709,ÓñÃ×µí·Û1709,20160919,20170914
FB1710.DCE,FB1710,ÏËÎ¬°å1710,20161024,20171020
PP1710.DCE,PP1710,¾Û±ûÏ©1710,20161024,20171020
Y1711.DCE,Y1711,¶¹ÓÍ1711,20161115,20171114
C1711.DCE,C1711,ÓñÃ×1711,20161115,20171114
V1711.DCE,V1711,PVC1711,20161115,20171114
PP1711.DCE,PP1711,¾Û±ûÏ©1711,20161115,20171114
V1712.DCE,V1712,PVC1712,20161215,20171214
Y1712.DCE,Y1712,¶¹ÓÍ1712,20161215,20171214
PP1712.DCE,PP1712,¾Û±ûÏ©1712,20161215,20171214
FB1712.DCE,FB1712,ÏËÎ¬°å1712,20161215,20171214
L1712.DCE,L1712,ËÜÁÏ1712,20161215,20171214
M1712.DCE,M1712,¶¹ÆÉ1712,20161215,20171214
M1001.DCE,M1001,¶¹ÆÉ1001,20090119,20100115
L0710.DCE,L0710,ËÜÁÏ0710,20070731,20071019
B0909.DCE,B0909,¶¹¶þ0909,20080916,20090914
C0907.DCE,C0907,ÓñÃ×0907,20080715,20090714
L0910.DCE,L0910,ËÜÁÏ0910,20081020,20091022
A1809.DCE,A1809,¶¹Ò»1809,20170315,20180914
B1803.DCE,B1803,¶¹¶þ1803,20170315,20180314
BB1803.DCE,BB1803,½ººÏ°å1803,20170315,20180314
C1803.DCE,C1803,ÓñÃ×1803,20170315,20180314
CS1803.DCE,CS1803,ÓñÃ×µí·Û1803,20170315,20180314
FB1803.DCE,FB1803,ÏËÎ¬°å1803,20170315,20180314
I1803.DCE,I1803,Ìú¿óÊ¯1803,20170315,20180314
J1803.DCE,J1803,½¹Ì¿1803,20170315,20180314
JD1803.DCE,JD1803,¼¦µ°1803,20170315,20180327
JM1803.DCE,JM1803,½¹Ãº1803,20170315,20180314
L1803.DCE,L1803,ËÜÁÏ1803,20170315,20180314
M1803.DCE,M1803,¶¹ÆÉ1803,20170315,20180314
P1803.DCE,P1803,×ØéµÓÍ1803,20170315,20180314
PP1803.DCE,PP1803,¾Û±ûÏ©1803,20170315,20180314
V1803.DCE,V1803,PVC1803,20170315,20180314
Y1803.DCE,Y1803,¶¹ÓÍ1803,20170315,20180314
BB1804.DCE,BB1804,½ººÏ°å1804,20170419,20180417
FB1804.DCE,FB1804,ÏËÎ¬°å1804,20170419,20180417
I1804.DCE,I1804,Ìú¿óÊ¯1804,20170419,20180417
J1804.DCE,J1804,½¹Ì¿1804,20170419,20180417
JM1804.DCE,JM1804,½¹Ãº1804,20170419,20180417
L1804.DCE,L1804,ËÜÁÏ1804,20170419,20180417
P1804.DCE,P1804,×ØéµÓÍ1804,20170419,20180417
PP1804.DCE,PP1804,¾Û±ûÏ©1804,20170419,20180417
V1804.DCE,V1804,PVC1804,20170419,20180417
JD1804.DCE,JD1804,¼¦µ°1804,20170426,20180424
A1811.DCE,A1811,¶¹Ò»1811,20170516,20181114
BB1805.DCE,BB1805,½ººÏ°å1805,20170516,20180515
C1805.DCE,C1805,ÓñÃ×1805,20170516,20180515
CS1805.DCE,CS1805,ÓñÃ×µí·Û1805,20170516,20180515
FB1805.DCE,FB1805,ÏËÎ¬°å1805,20170516,20180515
I1805.DCE,I1805,Ìú¿óÊ¯1805,20170516,20180515
J1805.DCE,J1805,½¹Ì¿1805,20170516,20180515
JM1805.DCE,JM1805,½¹Ãº1805,20170516,20180515
L1805.DCE,L1805,ËÜÁÏ1805,20170516,20180515
M1805.DCE,M1805,¶¹ÆÉ1805,20170516,20180515
P1805.DCE,P1805,×ØéµÓÍ1805,20170516,20180515
PP1805.DCE,PP1805,¾Û±ûÏ©1805,20170516,20180515
V1805.DCE,V1805,PVC1805,20170516,20180515
Y1805.DCE,Y1805,¶¹ÓÍ1805,20170516,20180515
B1805.DCE,B1805,¶¹¶þ1805,20170531,20180515
B1806.DCE,B1806,¶¹¶þ1806,20170615,20180614
BB1806.DCE,BB1806,½ººÏ°å1806,20170615,20180614
FB1806.DCE,FB1806,ÏËÎ¬°å1806,20170615,20180614
I1806.DCE,I1806,Ìú¿óÊ¯1806,20170615,20180614
J1806.DCE,J1806,½¹Ì¿1806,20170615,20180614
JM1806.DCE,JM1806,½¹Ãº1806,20170615,20180614
L1806.DCE,L1806,ËÜÁÏ1806,20170615,20180614
P1806.DCE,P1806,×ØéµÓÍ1806,20170615,20180614
PP1806.DCE,PP1806,¾Û±ûÏ©1806,20170615,20180614
V1806.DCE,V1806,PVC1806,20170615,20180614
M0905.DCE,M0905,¶¹ÆÉ0905,20080519,20090515
JD1807.DCE,JD1807,¼¦µ°1807,20170727,20180726
M0503.DCE,M0503,¶¹ÆÉ0503,20040315,20050314
JD1808.DCE,JD1808,¼¦µ°1808,20170829,20180828
BB1809.DCE,BB1809,½ººÏ°å1809,20170915,20180914
JD1809.DCE,JD1809,¼¦µ°1809,20170927,20180925
C0511.DCE,C0511,ÓñÃ×0511,20040922,20051114
M0805.DCE,M0805,¶¹ÆÉ0805,20070522,20080516
J1203.DCE,J1203,½¹Ì¿1203,20110415,20120314
C0903.DCE,C0903,ÓñÃ×0903,20080317,20090313
C0801.DCE,C0801,ÓñÃ×0801,20070118,20080115
B1812.DCE,B1812,¶¹¶þ1812,20171215,20181214
BB1812.DCE,BB1812,½ººÏ°å1812,20171215,20181214
FB1812.DCE,FB1812,ÏËÎ¬°å1812,20171215,20181214
I1812.DCE,I1812,Ìú¿óÊ¯1812,20171215,20181214
J1812.DCE,J1812,½¹Ì¿1812,20171215,20181214
JM1812.DCE,JM1812,½¹Ãº1812,20171215,20181214
L1812.DCE,L1812,ËÜÁÏ1812,20171215,20181214
M1812.DCE,M1812,¶¹ÆÉ1812,20171215,20181214
P1812.DCE,P1812,×ØéµÓÍ1812,20171215,20181214
PP1812.DCE,PP1812,¾Û±ûÏ©1812,20171215,20181214
V1812.DCE,V1812,PVC1812,20171215,20181214
Y1812.DCE,Y1812,¶¹ÓÍ1812,20171215,20181214
A0005.DCE,A0005,¶¹Ò»0005,19990518,20000519
A1907.DCE,A1907,¶¹Ò»1907,20180116,20190712
B1901.DCE,B1901,¶¹¶þ1901,20180116,20190115
BB1901.DCE,BB1901,½ººÏ°å1901,20180116,20190115
C1901.DCE,C1901,ÓñÃ×1901,20180116,20190115
CS1901.DCE,CS1901,ÓñÃ×µí·Û1901,20180116,20190115
FB1901.DCE,FB1901,ÏËÎ¬°å1901,20180116,20190115
I1901.DCE,I1901,Ìú¿óÊ¯1901,20180116,20190115
J1901.DCE,J1901,½¹Ì¿1901,20180116,20190115
JM1901.DCE,JM1901,½¹Ãº1901,20180116,20190115
L1901.DCE,L1901,ËÜÁÏ1901,20180116,20190115
M1901.DCE,M1901,¶¹ÆÉ1901,20180116,20190115
P1901.DCE,P1901,×ØéµÓÍ1901,20180116,20190115
PP1901.DCE,PP1901,¾Û±ûÏ©1901,20180116,20190115
V1901.DCE,V1901,PVC1901,20180116,20190115
Y1901.DCE,Y1901,¶¹ÓÍ1901,20180116,20190115
C1003.DCE,C1003,ÓñÃ×1003,20090316,20100312
M0011.DCE,M0011,¶¹ÆÉ0011,20000717,20001114
B1902.DCE,B1902,¶¹¶þ1902,20180222,20190221
BB1902.DCE,BB1902,½ººÏ°å1902,20180222,20190221
FB1902.DCE,FB1902,ÏËÎ¬°å1902,20180222,20190221
I1902.DCE,I1902,Ìú¿óÊ¯1902,20180222,20190221
J1902.DCE,J1902,½¹Ì¿1902,20180222,20190221
JM1902.DCE,JM1902,½¹Ãº1902,20180222,20190221
L1902.DCE,L1902,ËÜÁÏ1902,20180222,20190221
P1902.DCE,P1902,×ØéµÓÍ1902,20180222,20190221
PP1902.DCE,PP1902,¾Û±ûÏ©1902,20180222,20190221
V1902.DCE,V1902,PVC1902,20180222,20190221
JD1902.DCE,JD1902,¼¦µ°1902,20180226,20190225
A0609.DCE,A0609,¶¹Ò»0609,20050315,20060914
BB1904.DCE,BB1904,½ººÏ°å1904,20180418,20190415
FB1904.DCE,FB1904,ÏËÎ¬°å1904,20180418,20190415
I1904.DCE,I1904,Ìú¿óÊ¯1904,20180418,20190415
J1904.DCE,J1904,½¹Ì¿1904,20180418,20190415
JM1904.DCE,JM1904,½¹Ãº1904,20180418,20190415
L1904.DCE,L1904,ËÜÁÏ1904,20180418,20190415
P1904.DCE,P1904,×ØéµÓÍ1904,20180418,20190415
PP1904.DCE,PP1904,¾Û±ûÏ©1904,20180418,20190415
V1904.DCE,V1904,PVC1904,20180418,20190415
A1011.DCE,A1011,¶¹Ò»1011,20090518,20101112
B1005.DCE,B1005,¶¹¶þ1005,20090518,20100517
M1005.DCE,M1005,¶¹ÆÉ1005,20090518,20100517
C0705.DCE,C0705,ÓñÃ×0705,20060522,20070521
V0911.DCE,V0911,PVC0911,20090525,20091113
V1001.DCE,V1001,PVC1001,20090525,20100115
V1004.DCE,V1004,PVC1004,20090525,20100415
V1005.DCE,V1005,PVC1005,20090525,20100517
JD1904.DCE,JD1904,¼¦µ°1904,20180425,20190425
JD1905.DCE,JD1905,¼¦µ°1905,20180529,20190528
V1007.DCE,V1007,PVC1007,20090715,20100714
P1007.DCE,P1007,×ØéµÓÍ1007,20090715,20100714
A1101.DCE,A1101,¶¹Ò»1101,20090715,20110117
C1007.DCE,C1007,ÓñÃ×1007,20090715,20100714
A9903.DCE,A9903,¶¹Ò»9903,19990104,19990312
B0611.DCE,B0611,¶¹¶þ0611,20051115,20061114
P1008.DCE,P1008,×ØéµÓÍ1008,20090817,20100813
V1008.DCE,V1008,PVC1008,20090817,20100813
JD1907.DCE,JD1907,¼¦µ°1907,20180727,20190726
L0806.DCE,L0806,ËÜÁÏ0806,20070731,20080616
B1001.DCE,B1001,¶¹¶þ1001,20090119,20100115
A1103.DCE,A1103,¶¹Ò»1103,20090915,20110314
B1009.DCE,B1009,¶¹¶þ1009,20090915,20100914
C1009.DCE,C1009,ÓñÃ×1009,20090915,20100914
V1009.DCE,V1009,PVC1009,20090915,20100914
Y1009.DCE,Y1009,¶¹ÓÍ1009,20090915,20100914
JD1908.DCE,JD1908,¼¦µ°1908,20180829,20190827
L1010.DCE,L1010,ËÜÁÏ1010,20091023,20101021
V1010.DCE,V1010,PVC1010,20091023,20101021
JD1909.DCE,JD1909,¼¦µ°1909,20180926,20190925
M0508.DCE,M0508,¶¹ÆÉ0508,20040816,20050812
C1011.DCE,C1011,ÓñÃ×1011,20091116,20101112
P1011.DCE,P1011,×ØéµÓÍ1011,20091116,20101112
V1011.DCE,V1011,PVC1011,20091116,20101112
P0912.DCE,P0912,×ØéµÓÍ0912,20081215,20091214
L1101.DCE,L1101,ËÜÁÏ1101,20100118,20110117
M1101.DCE,M1101,¶¹ÆÉ1101,20100118,20110117
M0708.DCE,M0708,¶¹ÆÉ0708,20060815,20070814
M0105.DCE,M0105,¶¹ÆÉ0105,20000717,20010521
M1103.DCE,M1103,¶¹ÆÉ1103,20100315,20110314
P1103.DCE,P1103,×ØéµÓÍ1103,20100315,20110314
Y1103.DCE,Y1103,¶¹ÓÍ1103,20100315,20110314
JD2002.DCE,JD2002,¼¦µ°2002,20190226,20200225
A2003.DCE,A2003,¶¹Ò»2003,20190315,20200313
B2003.DCE,B2003,¶¹¶þ2003,20190315,20200313
BB2003.DCE,BB2003,½ººÏ°å2003,20190315,20200313
C2003.DCE,C2003,ÓñÃ×2003,20190315,20200313
CS2003.DCE,CS2003,ÓñÃ×µí·Û2003,20190315,20200313
FB2003.DCE,FB2003,ÏËÎ¬°å2003,20190315,20200313
I2003.DCE,I2003,Ìú¿óÊ¯2003,20190315,20200313
J2003.DCE,J2003,½¹Ì¿2003,20190315,20200313
JM2003.DCE,JM2003,½¹Ãº2003,20190315,20200313
L2003.DCE,L2003,ËÜÁÏ2003,20190315,20200313
M2003.DCE,M2003,¶¹ÆÉ2003,20190315,20200313
P2003.DCE,P2003,×ØéµÓÍ2003,20190315,20200313
PP2003.DCE,PP2003,¾Û±ûÏ©2003,20190315,20200313
V2003.DCE,V2003,PVC2003,20190315,20200313
Y2003.DCE,Y2003,¶¹ÓÍ2003,20190315,20200313
V1104.DCE,V1104,PVC1104,20100416,20110418
B2004.DCE,B2004,¶¹¶þ2004,20190416,20200415
BB2004.DCE,BB2004,½ººÏ°å2004,20190416,20200415
FB2004.DCE,FB2004,ÏËÎ¬°å2004,20190416,20200415
I2004.DCE,I2004,Ìú¿óÊ¯2004,20190416,20200415
J2004.DCE,J2004,½¹Ì¿2004,20190416,20200415
JM2004.DCE,JM2004,½¹Ãº2004,20190416,20200415
L2004.DCE,L2004,ËÜÁÏ2004,20190416,20200415
P2004.DCE,P2004,×ØéµÓÍ2004,20190416,20200415
PP2004.DCE,PP2004,¾Û±ûÏ©2004,20190416,20200415
L1105.DCE,L1105,ËÜÁÏ1105,20100518,20110516
B1105.DCE,B1105,¶¹¶þ1105,20100518,20110516
Y1105.DCE,Y1105,¶¹ÓÍ1105,20100518,20110516
B0601.DCE,B0601,¶¹¶þ0601,20041222,20060117
P1106.DCE,P1106,×ØéµÓÍ1106,20100618,20110615
P0810.DCE,P0810,×ØéµÓÍ0810,20071029,20081017
B0509.DCE,B0509,¶¹¶þ0509,20041222,20050914
C1107.DCE,C1107,ÓñÃ×1107,20100715,20110714
P1107.DCE,P1107,×ØéµÓÍ1107,20100715,20110714
V1107.DCE,V1107,PVC1107,20100715,20110714
P1108.DCE,P1108,×ØéµÓÍ1108,20100816,20110812
Y1108.DCE,Y1108,¶¹ÓÍ1108,20100816,20110812
L1108.DCE,L1108,ËÜÁÏ1108,20100816,20110812
L1109.DCE,L1109,ËÜÁÏ1109,20100915,20110915
V1109.DCE,V1109,PVC1109,20100915,20110915
A1203.DCE,A1203,¶¹Ò»1203,20100915,20120314
RR2009.DCE,RR2009,¾¬Ã×2009,20190917,20200914
P2009.DCE,P2009,×ØéµÓÍ2009,20190917,20200914
A2009.DCE,A2009,¶¹Ò»2009,20190917,20200914
Y2009.DCE,Y2009,¶¹ÓÍ2009,20190917,20200914
V2009.DCE,V2009,PVC2009,20190917,20200914
PP2009.DCE,PP2009,¾Û±ûÏ©2009,20190917,20200914
M2009.DCE,M2009,¶¹ÆÉ2009,20190917,20200914
L2009.DCE,L2009,ËÜÁÏ2009,20190917,20200914
JM2009.DCE,JM2009,½¹Ãº2009,20190917,20200914
J2009.DCE,J2009,½¹Ì¿2009,20190917,20200914
I2009.DCE,I2009,Ìú¿óÊ¯2009,20190917,20200914
FB2009.DCE,FB2009,ÏËÎ¬°å2009,20190917,20200914
CS2009.DCE,CS2009,ÓñÃ×µí·Û2009,20190917,20200914
C2009.DCE,C2009,ÓñÃ×2009,20190917,20200914
BB2009.DCE,BB2009,½ººÏ°å2009,20190917,20200914
B2009.DCE,B2009,¶¹¶þ2009,20190917,20200914
L1110.DCE,L1110,ËÜÁÏ1110,20101022,20111021
P1110.DCE,P1110,×ØéµÓÍ1110,20101022,20111021
V1110.DCE,V1110,PVC1110,20101022,20111021
M1111.DCE,M1111,¶¹ÆÉ1111,20101115,20111114
P1111.DCE,P1111,×ØéµÓÍ1111,20101115,20111114
RR2010.DCE,RR2010,¾¬Ã×2010,20191022,20201022
Y0711.DCE,Y0711,¶¹ÓÍ0711,20061115,20071114
Y1112.DCE,Y1112,¶¹ÓÍ1112,20101215,20111214
M1112.DCE,M1112,¶¹ÆÉ1112,20101215,20111214
V1112.DCE,V1112,PVC1112,20101215,20111214
L1112.DCE,L1112,ËÜÁÏ1112,20101215,20111214
P1112.DCE,P1112,×ØéµÓÍ1112,20101215,20111214
Y0812.DCE,Y0812,¶¹ÓÍ0812,20071217,20081212
EB2011.DCE,EB2011,±½ÒÒÏ©2011,20191127,20201125
A0411.DCE,A0411,¶¹Ò»0411,20030526,20041112
B1201.DCE,B1201,¶¹¶þ1201,20110118,20120117
C1201.DCE,C1201,ÓñÃ×1201,20110118,20120117
L1201.DCE,L1201,ËÜÁÏ1201,20110118,20120117
V1201.DCE,V1201,PVC1201,20110118,20120117
Y1201.DCE,Y1201,¶¹ÓÍ1201,20110118,20120117
M0103.DCE,M0103,¶¹ÆÉ0103,20000717,20010314
M0605.DCE,M0605,¶¹ÆÉ0605,20050523,20060519
L1202.DCE,L1202,ËÜÁÏ1202,20110222,20120214
V1202.DCE,V1202,PVC1202,20110222,20120214
M0703.DCE,M0703,¶¹ÆÉ0703,20060315,20070314
V1203.DCE,V1203,PVC1203,20110315,20120314
M1203.DCE,M1203,¶¹ÆÉ1203,20110315,20120314
B1203.DCE,B1203,¶¹¶þ1203,20110315,20120314
L1203.DCE,L1203,ËÜÁÏ1203,20110315,20120314
P1204.DCE,P1204,×ØéµÓÍ1204,20110419,20120418
L1204.DCE,L1204,ËÜÁÏ1204,20110419,20120418
A0907.DCE,A0907,¶¹Ò»0907,20080116,20090714
A1211.DCE,A1211,¶¹Ò»1211,20110517,20121114
C1205.DCE,C1205,ÓñÃ×1205,20110517,20120515
L1205.DCE,L1205,ËÜÁÏ1205,20110517,20120515
P1205.DCE,P1205,×ØéµÓÍ1205,20110517,20120515
L1206.DCE,L1206,ËÜÁÏ1206,20110616,20120614
P1206.DCE,P1206,×ØéµÓÍ1206,20110616,20120614
A0703.DCE,A0703,¶¹Ò»0703,20050915,20070314
L1207.DCE,L1207,ËÜÁÏ1207,20110715,20120713
J1204.DCE,J1204,½¹Ì¿1204,20110415,20120418
P0803.DCE,P0803,×ØéµÓÍ0803,20071029,20080314
M1208.DCE,M1208,¶¹ÆÉ1208,20110815,20120814
C0601.DCE,C0601,ÓñÃ×0601,20050118,20060117
M1209.DCE,M1209,¶¹ÆÉ1209,20110916,20120914
C1209.DCE,C1209,ÓñÃ×1209,20110916,20120914
V1209.DCE,V1209,PVC1209,20110916,20120914
B1209.DCE,B1209,¶¹¶þ1209,20110916,20120914
A1303.DCE,A1303,¶¹Ò»1303,20110916,20130314
Y1209.DCE,Y1209,¶¹ÓÍ1209,20110916,20120914
P0808.DCE,P0808,×ØéµÓÍ0808,20071029,20080814
L0808.DCE,L0808,ËÜÁÏ0808,20070815,20080814
L1210.DCE,L1210,ËÜÁÏ1210,20111024,20121019
J1210.DCE,J1210,½¹Ì¿1210,20111024,20121019
M0509.DCE,M0509,¶¹ÆÉ0509,20040915,20050914
L1211.DCE,L1211,ËÜÁÏ1211,20111115,20121114
Y1211.DCE,Y1211,¶¹ÓÍ1211,20111115,20121114
V1212.DCE,V1212,PVC1212,20111215,20121214
Y1212.DCE,Y1212,¶¹ÓÍ1212,20111215,20121214
C0509.DCE,C0509,ÓñÃ×0509,20040922,20050914
C1301.DCE,C1301,ÓñÃ×1301,20120118,20130117
L1301.DCE,L1301,ËÜÁÏ1301,20120118,20130117
P1301.DCE,P1301,×ØéµÓÍ1301,20120118,20130117
Y1301.DCE,Y1301,¶¹ÓÍ1301,20120118,20130117
P1302.DCE,P1302,×ØéµÓÍ1302,20120215,20130221
L1302.DCE,L1302,ËÜÁÏ1302,20120215,20130221
A1309.DCE,A1309,¶¹Ò»1309,20120315,20130913
P0901.DCE,P0901,×ØéµÓÍ0901,20080116,20090116
B0701.DCE,B0701,¶¹¶þ0701,20060118,20070117
A0303.DCE,A0303,¶¹Ò»0303,20020315,20030314
M0611.DCE,M0611,¶¹ÆÉ0611,20051115,20061114
P1305.DCE,P1305,×ØéµÓÍ1305,20120516,20130515
M1305.DCE,M1305,¶¹ÆÉ1305,20120516,20130515
J1306.DCE,J1306,½¹Ì¿1306,20120615,20130619
L1306.DCE,L1306,ËÜÁÏ1306,20120615,20130619
B1307.DCE,B1307,¶¹¶þ1307,20120716,20130712
P1307.DCE,P1307,×ØéµÓÍ1307,20120716,20130712
M0201.DCE,M0201,¶¹ÆÉ0201,20010116,20020118
B0711.DCE,B0711,¶¹¶þ0711,20061115,20071114
L0804.DCE,L0804,ËÜÁÏ0804,20070731,20080415
L1002.DCE,L1002,ËÜÁÏ1002,20090216,20100212
Y1308.DCE,Y1308,¶¹ÓÍ1308,20120815,20130814
L1308.DCE,L1308,ËÜÁÏ1308,20120815,20130814
A0003.DCE,A0003,¶¹Ò»0003,19990315,20000314
A1403.DCE,A1403,¶¹Ò»1403,20120917,20140314
P1309.DCE,P1309,×ØéµÓÍ1309,20120917,20130913
Y1309.DCE,Y1309,¶¹ÓÍ1309,20120917,20130913
M0612.DCE,M0612,¶¹ÆÉ0612,20051215,20061214
J1310.DCE,J1310,½¹Ì¿1310,20121022,20131021
L1310.DCE,L1310,ËÜÁÏ1310,20121022,20131021
Y1003.DCE,Y1003,¶¹ÓÍ1003,20090316,20100312
A1405.DCE,A1405,¶¹Ò»1405,20121115,20140516
C1311.DCE,C1311,ÓñÃ×1311,20121115,20131114
Y1311.DCE,Y1311,¶¹ÓÍ1311,20121115,20131114
M0908.DCE,M0908,¶¹ÆÉ0908,20080815,20090814
L1312.DCE,L1312,ËÜÁÏ1312,20121217,20131213
Y1312.DCE,Y1312,¶¹ÓÍ1312,20121217,20131213
A0203.DCE,A0203,¶¹Ò»0203,20010315,20020314
A9907.DCE,A9907,¶¹Ò»9907,19990104,19990714
M0711.DCE,M0711,¶¹ÆÉ0711,20061115,20071114
P1401.DCE,P1401,×ØéµÓÍ1401,20130118,20140115
Y1401.DCE,Y1401,¶¹ÓÍ1401,20130118,20140115
C1401.DCE,C1401,ÓñÃ×1401,20130118,20140115
L1401.DCE,L1401,ËÜÁÏ1401,20130118,20140115
A0505.DCE,A0505,¶¹Ò»0505,20031117,20050520
J1402.DCE,J1402,½¹Ì¿1402,20130222,20140220
P1402.DCE,P1402,×ØéµÓÍ1402,20130222,20140220
J1403.DCE,J1403,½¹Ì¿1403,20130315,20140314
M1403.DCE,M1403,¶¹ÆÉ1403,20130315,20140314
V1403.DCE,V1403,PVC1403,20130315,20140314
JM1311.DCE,JM1311,½¹Ãº1311,20130322,20131114
JM1312.DCE,JM1312,½¹Ãº1312,20130322,20131213
JM1402.DCE,JM1402,½¹Ãº1402,20130322,20140220
JM1403.DCE,JM1403,½¹Ãº1403,20130322,20140314
B1003.DCE,B1003,¶¹¶þ1003,20090316,20100312
J1404.DCE,J1404,½¹Ì¿1404,20130417,20140415
L1405.DCE,L1405,ËÜÁÏ1405,20130516,20140516
M1405.DCE,M1405,¶¹ÆÉ1405,20130516,20140516
Y1405.DCE,Y1405,¶¹ÓÍ1405,20130516,20140516
J1405.DCE,J1405,½¹Ì¿1405,20130516,20140516
Y0712.DCE,Y0712,¶¹ÓÍ0712,20061215,20071214
A0305.DCE,A0305,¶¹Ò»0305,20020315,20030523
JM1407.DCE,JM1407,½¹Ãº1407,20130715,20140714
Y1407.DCE,Y1407,¶¹ÓÍ1407,20130715,20140714
P1407.DCE,P1407,×ØéµÓÍ1407,20130715,20140714
L1407.DCE,L1407,ËÜÁÏ1407,20130715,20140714
M1408.DCE,M1408,¶¹ÆÉ1408,20130815,20140814
J1408.DCE,J1408,½¹Ì¿1408,20130815,20140814
Y0609.DCE,Y0609,¶¹ÓÍ0609,20060109,20060914
M0209.DCE,M0209,¶¹ÆÉ0209,20010917,20020913
A1503.DCE,A1503,¶¹Ò»1503,20130916,20150313
J1409.DCE,J1409,½¹Ì¿1409,20130916,20140915
M1409.DCE,M1409,¶¹ÆÉ1409,20130916,20140915
Y1409.DCE,Y1409,¶¹ÓÍ1409,20130916,20140915
I1403.DCE,I1403,Ìú¿óÊ¯1403,20131018,20140314
I1408.DCE,I1408,Ìú¿óÊ¯1408,20131018,20140814
L1410.DCE,L1410,ËÜÁÏ1410,20131022,20141021
V1410.DCE,V1410,PVC1410,20131022,20141021
A9905.DCE,A9905,¶¹Ò»9905,19990104,19990517
J1411.DCE,J1411,½¹Ì¿1411,20131115,20141114
M1411.DCE,M1411,¶¹ÆÉ1411,20131115,20141114
L1411.DCE,L1411,ËÜÁÏ1411,20131115,20141114
P1411.DCE,P1411,×ØéµÓÍ1411,20131115,20141114
A1505.DCE,A1505,¶¹Ò»1505,20131115,20150515
C0503.DCE,C0503,ÓñÃ×0503,20040922,20050314
FB1405.DCE,FB1405,ÏËÎ¬°å1405,20131206,20140516
FB1406.DCE,FB1406,ÏËÎ¬°å1406,20131206,20140616
FB1408.DCE,FB1408,ÏËÎ¬°å1408,20131206,20140814
FB1409.DCE,FB1409,ÏËÎ¬°å1409,20131206,20140915
FB1410.DCE,FB1410,ÏËÎ¬°å1410,20131206,20141021
FB1411.DCE,FB1411,ÏËÎ¬°å1411,20131206,20141114
BB1407.DCE,BB1407,½ººÏ°å1407,20131206,20140714
BB1409.DCE,BB1409,½ººÏ°å1409,20131206,20140915
BB1410.DCE,BB1410,½ººÏ°å1410,20131206,20141021
FB1412.DCE,FB1412,ÏËÎ¬°å1412,20131216,20141212
M1412.DCE,M1412,¶¹ÆÉ1412,20131216,20141212
JM1412.DCE,JM1412,½¹Ãº1412,20131216,20141212
I1412.DCE,I1412,Ìú¿óÊ¯1412,20131216,20141212
P0807.DCE,P0807,×ØéµÓÍ0807,20071029,20080714
M1501.DCE,M1501,¶¹ÆÉ1501,20140116,20150116
A1507.DCE,A1507,¶¹Ò»1507,20140116,20150714
L1501.DCE,L1501,ËÜÁÏ1501,20140116,20150116
Y0612.DCE,Y0612,¶¹ÓÍ0612,20060315,20061214
V1502.DCE,V1502,PVC1502,20140221,20150213
JD1502.DCE,JD1502,¼¦µ°1502,20140221,20150213
I1502.DCE,I1502,Ìú¿óÊ¯1502,20140221,20150213
PP1405.DCE,PP1405,¾Û±ûÏ©1405,20140228,20140516
PP1406.DCE,PP1406,¾Û±ûÏ©1406,20140228,20140616
PP1407.DCE,PP1407,¾Û±ûÏ©1407,20140228,20140714
PP1408.DCE,PP1408,¾Û±ûÏ©1408,20140228,20140814
PP1411.DCE,PP1411,¾Û±ûÏ©1411,20140228,20141114
PP1501.DCE,PP1501,¾Û±ûÏ©1501,20140228,20150116
PP1502.DCE,PP1502,¾Û±ûÏ©1502,20140228,20150213
Y1503.DCE,Y1503,¶¹ÓÍ1503,20140317,20150313
J1503.DCE,J1503,½¹Ì¿1503,20140317,20150313
FB1503.DCE,FB1503,ÏËÎ¬°å1503,20140317,20150313
P1503.DCE,P1503,×ØéµÓÍ1503,20140317,20150313
BB1503.DCE,BB1503,½ººÏ°å1503,20140317,20150313
I1503.DCE,I1503,Ìú¿óÊ¯1503,20140317,20150313
B1503.DCE,B1503,¶¹¶þ1503,20140317,20150313
V1503.DCE,V1503,PVC1503,20140317,20150313
L1001.DCE,L1001,ËÜÁÏ1001,20090119,20100115
Y0807.DCE,Y0807,¶¹ÓÍ0807,20070716,20080714
J1504.DCE,J1504,½¹Ì¿1504,20140416,20150415
L1003.DCE,L1003,ËÜÁÏ1003,20090316,20100312
A1511.DCE,A1511,¶¹Ò»1511,20140519,20151113
BB1505.DCE,BB1505,½ººÏ°å1505,20140519,20150515
I1505.DCE,I1505,Ìú¿óÊ¯1505,20140519,20150515
V1505.DCE,V1505,PVC1505,20140519,20150515
L1505.DCE,L1505,ËÜÁÏ1505,20140519,20150515
B1505.DCE,B1505,¶¹¶þ1505,20140519,20150515
JM1505.DCE,JM1505,½¹Ãº1505,20140519,20150515
FB1505.DCE,FB1505,ÏËÎ¬°å1505,20140519,20150515
JM1506.DCE,JM1506,½¹Ãº1506,20140617,20150612
JD1506.DCE,JD1506,¼¦µ°1506,20140617,20150612
FB1506.DCE,FB1506,ÏËÎ¬°å1506,20140617,20150612
J1506.DCE,J1506,½¹Ì¿1506,20140617,20150612
M0809.DCE,M0809,¶¹ÆÉ0809,20070917,20080912
B1507.DCE,B1507,¶¹¶þ1507,20140715,20150714
FB1507.DCE,FB1507,ÏËÎ¬°å1507,20140715,20150714
Y1507.DCE,Y1507,¶¹ÓÍ1507,20140715,20150714
J1507.DCE,J1507,½¹Ì¿1507,20140715,20150714
M1507.DCE,M1507,¶¹ÆÉ1507,20140715,20150714
C1507.DCE,C1507,ÓñÃ×1507,20140715,20150714
A1001.DCE,A1001,¶¹Ò»1001,20080715,20100115
A0503.DCE,A0503,¶¹Ò»0503,20030915,20050314
V1508.DCE,V1508,PVC1508,20140815,20150814
P1508.DCE,P1508,×ØéµÓÍ1508,20140815,20150814
J1508.DCE,J1508,½¹Ì¿1508,20140815,20150814
B0703.DCE,B0703,¶¹¶þ0703,20060315,20070314
P0904.DCE,P0904,×ØéµÓÍ0904,20080416,20090415
B1509.DCE,B1509,¶¹¶þ1509,20140916,20150916
M1509.DCE,M1509,¶¹ÆÉ1509,20140916,20150916
C1509.DCE,C1509,ÓñÃ×1509,20140916,20150916
V1509.DCE,V1509,PVC1509,20140916,20150916
J1509.DCE,J1509,½¹Ì¿1509,20140916,20150916
P1509.DCE,P1509,×ØéµÓÍ1509,20140916,20150916
JM1509.DCE,JM1509,½¹Ãº1509,20140916,20150916
I1509.DCE,I1509,Ìú¿óÊ¯1509,20140916,20150916
FB1509.DCE,FB1509,ÏËÎ¬°å1509,20140916,20150916
Y0611.DCE,Y0611,¶¹ÓÍ0611,20060118,20061114
P1510.DCE,P1510,×ØéµÓÍ1510,20141022,20151021
V1510.DCE,V1510,PVC1510,20141022,20151021
PP1510.DCE,PP1510,¾Û±ûÏ©1510,20141022,20151021
V1511.DCE,V1511,PVC1511,20141117,20151113
C1511.DCE,C1511,ÓñÃ×1511,20141117,20151113
B1511.DCE,B1511,¶¹¶þ1511,20141117,20151113
JM1511.DCE,JM1511,½¹Ãº1511,20141117,20151113
A1605.DCE,A1605,¶¹Ò»1605,20141117,20160516
FB1511.DCE,FB1511,ÏËÎ¬°å1511,20141117,20151113
Y1512.DCE,Y1512,¶¹ÓÍ1512,20141215,20151214
M1512.DCE,M1512,¶¹ÆÉ1512,20141215,20151214
J1512.DCE,J1512,½¹Ì¿1512,20141215,20151214
P1512.DCE,P1512,×ØéµÓÍ1512,20141215,20151214
JM1512.DCE,JM1512,½¹Ãº1512,20141215,20151214
JD1512.DCE,JD1512,¼¦µ°1512,20141215,20151214
BB1512.DCE,BB1512,½ººÏ°å1512,20141215,20151214
B0511.DCE,B0511,¶¹¶þ0511,20041222,20051114
P0804.DCE,P0804,×ØéµÓÍ0804,20071029,20080415
P1601.DCE,P1601,×ØéµÓÍ1601,20150119,20160115
C1601.DCE,C1601,ÓñÃ×1601,20150119,20160115
FB1601.DCE,FB1601,ÏËÎ¬°å1601,20150119,20160115
A1607.DCE,A1607,¶¹Ò»1607,20150119,20160714
BB1601.DCE,BB1601,½ººÏ°å1601,20150119,20160115
PP1601.DCE,PP1601,¾Û±ûÏ©1601,20150119,20160115
Y0911.DCE,Y0911,¶¹ÓÍ0911,20081117,20091113
P0902.DCE,P0902,×ØéµÓÍ0902,20080222,20090213
L0712.DCE,L0712,ËÜÁÏ0712,20070731,20071214
I1602.DCE,I1602,Ìú¿óÊ¯1602,20150216,20160219
FB1602.DCE,FB1602,ÏËÎ¬°å1602,20150216,20160219
V1602.DCE,V1602,PVC1602,20150216,20160219
PP1602.DCE,PP1602,¾Û±ûÏ©1602,20150216,20160219
BB1602.DCE,BB1602,½ººÏ°å1602,20150216,20160219
L1602.DCE,L1602,ËÜÁÏ1602,20150216,20160219
BB1603.DCE,BB1603,½ººÏ°å1603,20150316,20160314
M1603.DCE,M1603,¶¹ÆÉ1603,20150316,20160314
CS1603.DCE,CS1603,ÓñÃ×µí·Û1603,20150316,20160314
JD1603.DCE,JD1603,¼¦µ°1603,20150316,20160314
P1603.DCE,P1603,×ØéµÓÍ1603,20150316,20160314
JM1603.DCE,JM1603,½¹Ãº1603,20150316,20160314
B1603.DCE,B1603,¶¹¶þ1603,20150316,20160314
I1603.DCE,I1603,Ìú¿óÊ¯1603,20150316,20160314
C1603.DCE,C1603,ÓñÃ×1603,20150316,20160314
M0411.DCE,M0411,¶¹ÆÉ0411,20031117,20041112
BB1604.DCE,BB1604,½ººÏ°å1604,20150416,20160415
FB1604.DCE,FB1604,ÏËÎ¬°å1604,20150416,20160415
I1604.DCE,I1604,Ìú¿óÊ¯1604,20150416,20160415
P1604.DCE,P1604,×ØéµÓÍ1604,20150416,20160415
L1605.DCE,L1605,ËÜÁÏ1605,20150518,20160516
J1605.DCE,J1605,½¹Ì¿1605,20150518,20160516
P1605.DCE,P1605,×ØéµÓÍ1605,20150518,20160516
I1605.DCE,I1605,Ìú¿óÊ¯1605,20150518,20160516
BB1605.DCE,BB1605,½ººÏ°å1605,20150518,20160516
PP1605.DCE,PP1605,¾Û±ûÏ©1605,20150518,20160516
Y1605.DCE,Y1605,¶¹ÓÍ1605,20150518,20160516
Y1001.DCE,Y1001,¶¹ÓÍ1001,20090119,20100115
P1606.DCE,P1606,×ØéµÓÍ1606,20150615,20160616
BB1606.DCE,BB1606,½ººÏ°å1606,20150615,20160616
FB1606.DCE,FB1606,ÏËÎ¬°å1606,20150615,20160616
V1606.DCE,V1606,PVC1606,20150615,20160616
J1110.DCE,J1110,½¹Ì¿1110,20110415,20111021
Y0912.DCE,Y0912,¶¹ÓÍ0912,20081215,20091214
L1607.DCE,L1607,ËÜÁÏ1607,20150715,20160714
M1607.DCE,M1607,¶¹ÆÉ1607,20150715,20160714
PP1607.DCE,PP1607,¾Û±ûÏ©1607,20150715,20160714
CS1607.DCE,CS1607,ÓñÃ×µí·Û1607,20150715,20160714
V1608.DCE,V1608,PVC1608,20150817,20160812
L1608.DCE,L1608,ËÜÁÏ1608,20150817,20160812
M0409.DCE,M0409,¶¹ÆÉ0409,20030915,20040914
Y1609.DCE,Y1609,¶¹ÓÍ1609,20150917,20160914
B1609.DCE,B1609,¶¹¶þ1609,20150917,20160914
V1609.DCE,V1609,PVC1609,20150917,20160914
P1609.DCE,P1609,×ØéµÓÍ1609,20150917,20160914
JM1609.DCE,JM1609,½¹Ãº1609,20150917,20160914
I1609.DCE,I1609,Ìú¿óÊ¯1609,20150917,20160914
CS1609.DCE,CS1609,ÓñÃ×µí·Û1609,20150917,20160914
M0912.DCE,M0912,¶¹ÆÉ0912,20081215,20091214
J1610.DCE,J1610,½¹Ì¿1610,20151022,20161021
P1610.DCE,P1610,×ØéµÓÍ1610,20151022,20161021
JD1610.DCE,JD1610,¼¦µ°1610,20151022,20161021
PP1610.DCE,PP1610,¾Û±ûÏ©1610,20151022,20161021
P1004.DCE,P1004,×ØéµÓÍ1004,20090416,20100415
L0811.DCE,L0811,ËÜÁÏ0811,20071115,20081114
L1611.DCE,L1611,ËÜÁÏ1611,20151116,20161114
Y1611.DCE,Y1611,¶¹ÓÍ1611,20151116,20161114
M1611.DCE,M1611,¶¹ÆÉ1611,20151116,20161114
C1611.DCE,C1611,ÓñÃ×1611,20151116,20161114
J1611.DCE,J1611,½¹Ì¿1611,20151116,20161114
P1611.DCE,P1611,×ØéµÓÍ1611,20151116,20161114
FB1611.DCE,FB1611,ÏËÎ¬°å1611,20151116,20161114
PP1611.DCE,PP1611,¾Û±ûÏ©1611,20151116,20161114
M1701.DCE,M1701,¶¹ÆÉ1701,20160118,20170116
JD1701.DCE,JD1701,¼¦µ°1701,20160118,20170116
FB1701.DCE,FB1701,ÏËÎ¬°å1701,20160118,20170116
CS1701.DCE,CS1701,ÓñÃ×µí·Û1701,20160118,20170116
M0603.DCE,M0603,¶¹ÆÉ0603,20050315,20060314
M0301.DCE,M0301,¶¹ÆÉ0301,20020121,20030115
L0807.DCE,L0807,ËÜÁÏ0807,20070731,20080714
BB1702.DCE,BB1702,½ººÏ°å1702,20160222,20170216
J1702.DCE,J1702,½¹Ì¿1702,20160222,20170216
JD1702.DCE,JD1702,¼¦µ°1702,20160222,20170216
P1702.DCE,P1702,×ØéµÓÍ1702,20160222,20170216
Y0703.DCE,Y0703,¶¹ÓÍ0703,20060522,20070314
Y0903.DCE,Y0903,¶¹ÓÍ0903,20080317,20090313
CS1703.DCE,CS1703,ÓñÃ×µí·Û1703,20160315,20170314
JD1703.DCE,JD1703,¼¦µ°1703,20160315,20170328
BB1703.DCE,BB1703,½ººÏ°å1703,20160315,20170314
B1703.DCE,B1703,¶¹¶þ1703,20160315,20170314
I1704.DCE,I1704,Ìú¿óÊ¯1704,20160418,20170418
PP1704.DCE,PP1704,¾Û±ûÏ©1704,20160418,20170418
L0902.DCE,L0902,ËÜÁÏ0902,20080222,20090213
B1705.DCE,B1705,¶¹¶þ1705,20160517,20170515
M1705.DCE,M1705,¶¹ÆÉ1705,20160517,20170515
C1705.DCE,C1705,ÓñÃ×1705,20160517,20170515
JD1705.DCE,JD1705,¼¦µ°1705,20160517,20170524
V1705.DCE,V1705,PVC1705,20160517,20170515
FB1705.DCE,FB1705,ÏËÎ¬°å1705,20160517,20170515
P1705.DCE,P1705,×ØéµÓÍ1705,20160517,20170515
C0807.DCE,C0807,ÓñÃ×0807,20070716,20080714
A0803.DCE,A0803,¶¹Ò»0803,20060915,20080314
A0711.DCE,A0711,¶¹Ò»0711,20060522,20071114
BB1706.DCE,BB1706,½ººÏ°å1706,20160617,20170614
JM1706.DCE,JM1706,½¹Ãº1706,20160617,20170614
A1801.DCE,A1801,¶¹Ò»1801,20160715,20180115
B1707.DCE,B1707,¶¹¶þ1707,20160715,20170714
BB1707.DCE,BB1707,½ººÏ°å1707,20160715,20170714
CS1707.DCE,CS1707,ÓñÃ×µí·Û1707,20160715,20170714
JM1707.DCE,JM1707,½¹Ãº1707,20160715,20170714
L1707.DCE,L1707,ËÜÁÏ1707,20160715,20170714
PP1707.DCE,PP1707,¾Û±ûÏ©1707,20160715,20170714
Y1707.DCE,Y1707,¶¹ÓÍ1707,20160715,20170714
JD1707.DCE,JD1707,¼¦µ°1707,20160715,20170726
P1003.DCE,P1003,×ØéµÓÍ1003,20090316,20100312
Y0908.DCE,Y0908,¶¹ÓÍ0908,20080815,20090814
Y1708.DCE,Y1708,¶¹ÓÍ1708,20160815,20170814
L1708.DCE,L1708,ËÜÁÏ1708,20160815,20170814
V1708.DCE,V1708,PVC1708,20160815,20170814
I1708.DCE,I1708,Ìú¿óÊ¯1708,20160815,20170814
JD1708.DCE,JD1708,¼¦µ°1708,20160815,20170828
BB1708.DCE,BB1708,½ººÏ°å1708,20160815,20170814
PP1708.DCE,PP1708,¾Û±ûÏ©1708,20160815,20170814
C1709.DCE,C1709,ÓñÃ×1709,20160919,20170914
P1709.DCE,P1709,×ØéµÓÍ1709,20160919,20170914
I1709.DCE,I1709,Ìú¿óÊ¯1709,20160919,20170914
FB1709.DCE,FB1709,ÏËÎ¬°å1709,20160919,20170914
B0809.DCE,B0809,¶¹¶þ0809,20070917,20080912
J1710.DCE,J1710,½¹Ì¿1710,20161024,20171020
JD1710.DCE,JD1710,¼¦µ°1710,20161024,20171026
BB1710.DCE,BB1710,½ººÏ°å1710,20161024,20171020
FB1711.DCE,FB1711,ÏËÎ¬°å1711,20161115,20171114
P1711.DCE,P1711,×ØéµÓÍ1711,20161115,20171114
JM1711.DCE,JM1711,½¹Ãº1711,20161115,20171114
JD1711.DCE,JD1711,¼¦µ°1711,20161115,20171127
A1805.DCE,A1805,¶¹Ò»1805,20161115,20180515
BB1711.DCE,BB1711,½ººÏ°å1711,20161115,20171114
J1711.DCE,J1711,½¹Ì¿1711,20161115,20171114
C0501.DCE,C0501,ÓñÃ×0501,20040922,20050117
BB1712.DCE,BB1712,½ººÏ°å1712,20161215,20171214
JM1712.DCE,JM1712,½¹Ãº1712,20161215,20171214
JD1712.DCE,JD1712,¼¦µ°1712,20161215,20171226
J1712.DCE,J1712,½¹Ì¿1712,20161215,20171214
P1712.DCE,P1712,×ØéµÓÍ1712,20161215,20171214
A0603.DCE,A0603,¶¹Ò»0603,20040915,20060314
A0507.DCE,A0507,¶¹Ò»0507,20040116,20050714
M0512.DCE,M0512,¶¹ÆÉ0512,20050815,20051214
Y0811.DCE,Y0811,¶¹ÓÍ0811,20071115,20081114
A1807.DCE,A1807,¶¹Ò»1807,20170117,20180713
B1801.DCE,B1801,¶¹¶þ1801,20170117,20180115
Y1801.DCE,Y1801,¶¹ÓÍ1801,20170117,20180115
V1801.DCE,V1801,PVC1801,20170117,20180115
PP1801.DCE,PP1801,¾Û±ûÏ©1801,20170117,20180115
P1801.DCE,P1801,×ØéµÓÍ1801,20170117,20180115
M1801.DCE,M1801,¶¹ÆÉ1801,20170117,20180115
L1801.DCE,L1801,ËÜÁÏ1801,20170117,20180115
JM1801.DCE,JM1801,½¹Ãº1801,20170117,20180115
JD1801.DCE,JD1801,¼¦µ°1801,20170117,20180126
J1801.DCE,J1801,½¹Ì¿1801,20170117,20180115
I1801.DCE,I1801,Ìú¿óÊ¯1801,20170117,20180115
FB1801.DCE,FB1801,ÏËÎ¬°å1801,20170117,20180115
CS1801.DCE,CS1801,ÓñÃ×µí·Û1801,20170117,20180115
C1801.DCE,C1801,ÓñÃ×1801,20170117,20180115
BB1801.DCE,BB1801,½ººÏ°å1801,20170117,20180115
Y0905.DCE,Y0905,¶¹ÓÍ0905,20080519,20090515
M0709.DCE,M0709,¶¹ÆÉ0709,20060915,20070914
B0801.DCE,B0801,¶¹¶þ0801,20070118,20080115
JD1806.DCE,JD1806,¼¦µ°1806,20170628,20180626
M0801.DCE,M0801,¶¹ÆÉ0801,20070118,20080115
A1901.DCE,A1901,¶¹Ò»1901,20170717,20190115
B1807.DCE,B1807,¶¹¶þ1807,20170717,20180713
BB1807.DCE,BB1807,½ººÏ°å1807,20170717,20180713
C1807.DCE,C1807,ÓñÃ×1807,20170717,20180713
CS1807.DCE,CS1807,ÓñÃ×µí·Û1807,20170717,20180713
FB1807.DCE,FB1807,ÏËÎ¬°å1807,20170717,20180713
I1807.DCE,I1807,Ìú¿óÊ¯1807,20170717,20180713
J1807.DCE,J1807,½¹Ì¿1807,20170717,20180713
JM1807.DCE,JM1807,½¹Ãº1807,20170717,20180713
L1807.DCE,L1807,ËÜÁÏ1807,20170717,20180713
M1807.DCE,M1807,¶¹ÆÉ1807,20170717,20180713
P1807.DCE,P1807,×ØéµÓÍ1807,20170717,20180713
PP1807.DCE,PP1807,¾Û±ûÏ©1807,20170717,20180713
V1807.DCE,V1807,PVC1807,20170717,20180713
Y1807.DCE,Y1807,¶¹ÓÍ1807,20170717,20180713
B0907.DCE,B0907,¶¹¶þ0907,20080715,20090714
C0911.DCE,C0911,ÓñÃ×0911,20081117,20091113
I1809.DCE,I1809,Ìú¿óÊ¯1809,20170915,20180914
JM1809.DCE,JM1809,½¹Ãº1809,20170915,20180914
J1809.DCE,J1809,½¹Ì¿1809,20170915,20180914
CS1809.DCE,CS1809,ÓñÃ×µí·Û1809,20170915,20180914
L1809.DCE,L1809,ËÜÁÏ1809,20170915,20180914
PP1809.DCE,PP1809,¾Û±ûÏ©1809,20170915,20180914
V1809.DCE,V1809,PVC1809,20170915,20180914
C1809.DCE,C1809,ÓñÃ×1809,20170915,20180914
M1809.DCE,M1809,¶¹ÆÉ1809,20170915,20180914
Y1809.DCE,Y1809,¶¹ÓÍ1809,20170915,20180914
P1809.DCE,P1809,×ØéµÓÍ1809,20170915,20180914
FB1809.DCE,FB1809,ÏËÎ¬°å1809,20170915,20180914
A1903.DCE,A1903,¶¹Ò»1903,20170915,20190314
B1809.DCE,B1809,¶¹¶þ1809,20170915,20180914
M0403.DCE,M0403,¶¹ÆÉ0403,20030317,20040312
B1810.DCE,B1810,¶¹¶þ1810,20171023,20181019
JD1810.DCE,JD1810,¼¦µ°1810,20171027,20181026
L0812.DCE,L0812,ËÜÁÏ0812,20071217,20081212
JD1811.DCE,JD1811,¼¦µ°1811,20171128,20181127
M0907.DCE,M0907,¶¹ÆÉ0907,20080715,20090714
JD1812.DCE,JD1812,¼¦µ°1812,20171227,20181225
C0609.DCE,C0609,ÓñÃ×0609,20050915,20060914
Y0909.DCE,Y0909,¶¹ÓÍ0909,20080916,20090914
M0511.DCE,M0511,¶¹ÆÉ0511,20041115,20051114
A0007.DCE,A0007,¶¹Ò»0007,19990715,20000714
A1909.DCE,A1909,¶¹Ò»1909,20180315,20190916
B1903.DCE,B1903,¶¹¶þ1903,20180315,20190314
BB1903.DCE,BB1903,½ººÏ°å1903,20180315,20190314
C1903.DCE,C1903,ÓñÃ×1903,20180315,20190314
CS1903.DCE,CS1903,ÓñÃ×µí·Û1903,20180315,20190314
FB1903.DCE,FB1903,ÏËÎ¬°å1903,20180315,20190314
I1903.DCE,I1903,Ìú¿óÊ¯1903,20180315,20190314
J1903.DCE,J1903,½¹Ì¿1903,20180315,20190314
JM1903.DCE,JM1903,½¹Ãº1903,20180315,20190314
L1903.DCE,L1903,ËÜÁÏ1903,20180315,20190314
M1903.DCE,M1903,¶¹ÆÉ1903,20180315,20190314
P1903.DCE,P1903,×ØéµÓÍ1903,20180315,20190314
PP1903.DCE,PP1903,¾Û±ûÏ©1903,20180315,20190314
V1903.DCE,V1903,PVC1903,20180315,20190314
Y1903.DCE,Y1903,¶¹ÓÍ1903,20180315,20190314
B0603.DCE,B0603,¶¹¶þ0603,20050315,20060314
JD1903.DCE,JD1903,¼¦µ°1903,20180328,20190326
P0909.DCE,P0909,×ØéµÓÍ0909,20080916,20090914
A0105.DCE,A0105,¶¹Ò»0105,20000522,20010521
C0805.DCE,C0805,ÓñÃ×0805,20070522,20080516
B1904.DCE,B1904,¶¹¶þ1904,20180418,20190415
L1005.DCE,L1005,ËÜÁÏ1005,20090518,20100517
P1005.DCE,P1005,×ØéµÓÍ1005,20090518,20100517
V0909.DCE,V0909,PVC0909,20090525,20090914
V0910.DCE,V0910,PVC0910,20090525,20091022
V0912.DCE,V0912,PVC0912,20090525,20091214
V1002.DCE,V1002,PVC1002,20090525,20100212
V1003.DCE,V1003,PVC1003,20090525,20100312
A0301.DCE,A0301,¶¹Ò»0301,20020121,20030115
A0409.DCE,A0409,¶¹Ò»0409,20030317,20040914
V1006.DCE,V1006,PVC1006,20090615,20100617
L1006.DCE,L1006,ËÜÁÏ1006,20090615,20100617
A0009.DCE,A0009,¶¹Ò»0009,19990915,20000914
A0201.DCE,A0201,¶¹Ò»0201,20010116,20020118
Y0808.DCE,Y0808,¶¹ÓÍ0808,20070815,20080814
BB1906.DCE,BB1906,½ººÏ°å1906,20180615,20190617
FB1906.DCE,FB1906,ÏËÎ¬°å1906,20180615,20190617
I1906.DCE,I1906,Ìú¿óÊ¯1906,20180615,20190617
J1906.DCE,J1906,½¹Ì¿1906,20180615,20190617
JM1906.DCE,JM1906,½¹Ãº1906,20180615,20190617
L1906.DCE,L1906,ËÜÁÏ1906,20180615,20190617
P1906.DCE,P1906,×ØéµÓÍ1906,20180615,20190617
PP1906.DCE,PP1906,¾Û±ûÏ©1906,20180615,20190617
V1906.DCE,V1906,PVC1906,20180615,20190617
B1906.DCE,B1906,¶¹¶þ1906,20180615,20190617
Y1007.DCE,Y1007,¶¹ÓÍ1007,20090715,20100714
L1007.DCE,L1007,ËÜÁÏ1007,20090715,20100714
M1007.DCE,M1007,¶¹ÆÉ1007,20090715,20100714
P1001.DCE,P1001,×ØéµÓÍ1001,20090119,20100115
A2001.DCE,A2001,¶¹Ò»2001,20180716,20200115
B1907.DCE,B1907,¶¹¶þ1907,20180716,20190712
BB1907.DCE,BB1907,½ººÏ°å1907,20180716,20190712
C1907.DCE,C1907,ÓñÃ×1907,20180716,20190712
CS1907.DCE,CS1907,ÓñÃ×µí·Û1907,20180716,20190712
FB1907.DCE,FB1907,ÏËÎ¬°å1907,20180716,20190712
I1907.DCE,I1907,Ìú¿óÊ¯1907,20180716,20190712
J1907.DCE,J1907,½¹Ì¿1907,20180716,20190712
JM1907.DCE,JM1907,½¹Ãº1907,20180716,20190712
L1907.DCE,L1907,ËÜÁÏ1907,20180716,20190712
M1907.DCE,M1907,¶¹ÆÉ1907,20180716,20190712
P1907.DCE,P1907,×ØéµÓÍ1907,20180716,20190712
PP1907.DCE,PP1907,¾Û±ûÏ©1907,20180716,20190712
V1907.DCE,V1907,PVC1907,20180716,20190712
Y1907.DCE,Y1907,¶¹ÓÍ1907,20180716,20190712
M1008.DCE,M1008,¶¹ÆÉ1008,20090817,20100813
Y1008.DCE,Y1008,¶¹ÓÍ1008,20090817,20100813
Y0701.DCE,Y0701,¶¹ÓÍ0701,20060315,20070117
B0905.DCE,B0905,¶¹¶þ0905,20080519,20090515
B1908.DCE,B1908,¶¹¶þ1908,20180815,20190814
BB1908.DCE,BB1908,½ººÏ°å1908,20180815,20190814
FB1908.DCE,FB1908,ÏËÎ¬°å1908,20180815,20190814
I1908.DCE,I1908,Ìú¿óÊ¯1908,20180815,20190814
J1908.DCE,J1908,½¹Ì¿1908,20180815,20190814
JM1908.DCE,JM1908,½¹Ãº1908,20180815,20190814
L1908.DCE,L1908,ËÜÁÏ1908,20180815,20190814
M1908.DCE,M1908,¶¹ÆÉ1908,20180815,20190814
P1908.DCE,P1908,×ØéµÓÍ1908,20180815,20190814
PP1908.DCE,PP1908,¾Û±ûÏ©1908,20180815,20190814
V1908.DCE,V1908,PVC1908,20180815,20190814
Y1908.DCE,Y1908,¶¹ÓÍ1908,20180815,20190814
P1009.DCE,P1009,×ØéµÓÍ1009,20090915,20100914
B1909.DCE,B1909,¶¹¶þ1909,20180917,20190916
BB1909.DCE,BB1909,½ººÏ°å1909,20180917,20190916
C1909.DCE,C1909,ÓñÃ×1909,20180917,20190916
CS1909.DCE,CS1909,ÓñÃ×µí·Û1909,20180917,20190916
FB1909.DCE,FB1909,ÏËÎ¬°å1909,20180917,20190916
I1909.DCE,I1909,Ìú¿óÊ¯1909,20180917,20190916
J1909.DCE,J1909,½¹Ì¿1909,20180917,20190916
JM1909.DCE,JM1909,½¹Ãº1909,20180917,20190916
L1909.DCE,L1909,ËÜÁÏ1909,20180917,20190916
M1909.DCE,M1909,¶¹ÆÉ1909,20180917,20190916
P1909.DCE,P1909,×ØéµÓÍ1909,20180917,20190916
PP1909.DCE,PP1909,¾Û±ûÏ©1909,20180917,20190916
V1909.DCE,V1909,PVC1909,20180917,20190916
Y1909.DCE,Y1909,¶¹ÓÍ1909,20180917,20190916
M0505.DCE,M0505,¶¹ÆÉ0505,20040524,20050520
P1010.DCE,P1010,×ØéµÓÍ1010,20091023,20101021
A1105.DCE,A1105,¶¹Ò»1105,20091116,20110516
M1011.DCE,M1011,¶¹ÆÉ1011,20091116,20101112
Y1011.DCE,Y1011,¶¹ÓÍ1011,20091116,20101112
BB1910.DCE,BB1910,½ººÏ°å1910,20181022,20191021
FB1910.DCE,FB1910,ÏËÎ¬°å1910,20181022,20191021
I1910.DCE,I1910,Ìú¿óÊ¯1910,20181022,20191021
J1910.DCE,J1910,½¹Ì¿1910,20181022,20191021
JM1910.DCE,JM1910,½¹Ãº1910,20181022,20191021
L1910.DCE,L1910,ËÜÁÏ1910,20181022,20191021
P1910.DCE,P1910,×ØéµÓÍ1910,20181022,20191021
PP1910.DCE,PP1910,¾Û±ûÏ©1910,20181022,20191021
V1910.DCE,V1910,PVC1910,20181022,20191021
B1910.DCE,B1910,¶¹¶þ1910,20181022,20191021
JD1910.DCE,JD1910,¼¦µ°1910,20181029,20191028
A0605.DCE,A0605,¶¹Ò»0605,20041115,20060519
L1012.DCE,L1012,ËÜÁÏ1012,20091215,20101214
M1012.DCE,M1012,¶¹ÆÉ1012,20091215,20101214
P1012.DCE,P1012,×ØéµÓÍ1012,20091215,20101214
V1012.DCE,V1012,PVC1012,20091215,20101214
Y1012.DCE,Y1012,¶¹ÓÍ1012,20091215,20101214
JD1911.DCE,JD1911,¼¦µ°1911,20181128,20191126
EG1906.DCE,EG1906,ÒÒ¶þ´¼1906,20181210,20190625
EG1907.DCE,EG1907,ÒÒ¶þ´¼1907,20181210,20190726
EG1908.DCE,EG1908,ÒÒ¶þ´¼1908,20181210,20190827
EG1909.DCE,EG1909,ÒÒ¶þ´¼1909,20181210,20190925
EG1910.DCE,EG1910,ÒÒ¶þ´¼1910,20181210,20191028
EG1911.DCE,EG1911,ÒÒ¶þ´¼1911,20181210,20191126
B1912.DCE,B1912,¶¹¶þ1912,20181217,20191213
BB1912.DCE,BB1912,½ººÏ°å1912,20181217,20191213
FB1912.DCE,FB1912,ÏËÎ¬°å1912,20181217,20191213
I1912.DCE,I1912,Ìú¿óÊ¯1912,20181217,20191213
J1912.DCE,J1912,½¹Ì¿1912,20181217,20191213
JM1912.DCE,JM1912,½¹Ãº1912,20181217,20191213
L1912.DCE,L1912,ËÜÁÏ1912,20181217,20191213
M1912.DCE,M1912,¶¹ÆÉ1912,20181217,20191213
P1912.DCE,P1912,×ØéµÓÍ1912,20181217,20191213
PP1912.DCE,PP1912,¾Û±ûÏ©1912,20181217,20191213
V1912.DCE,V1912,PVC1912,20181217,20191213
Y1912.DCE,Y1912,¶¹ÓÍ1912,20181217,20191213
A1107.DCE,A1107,¶¹Ò»1107,20100118,20110714
B1101.DCE,B1101,¶¹¶þ1101,20100118,20110117
P1101.DCE,P1101,×ØéµÓÍ1101,20100118,20110117
V1101.DCE,V1101,PVC1101,20100118,20110117
Y1101.DCE,Y1101,¶¹ÓÍ1101,20100118,20110117
EG1912.DCE,EG1912,ÒÒ¶þ´¼1912,20181226,20191226
JD1912.DCE,JD1912,¼¦µ°1912,20181226,20191226
A1005.DCE,A1005,¶¹Ò»1005,20081117,20100517
B2001.DCE,B2001,¶¹¶þ2001,20190116,20200115
BB2001.DCE,BB2001,½ººÏ°å2001,20190116,20200115
FB2001.DCE,FB2001,ÏËÎ¬°å2001,20190116,20200115
I2001.DCE,I2001,Ìú¿óÊ¯2001,20190116,20200115
J2001.DCE,J2001,½¹Ì¿2001,20190116,20200115
JM2001.DCE,JM2001,½¹Ãº2001,20190116,20200115
L2001.DCE,L2001,ËÜÁÏ2001,20190116,20200115
P2001.DCE,P2001,×ØéµÓÍ2001,20190116,20200115
PP2001.DCE,PP2001,¾Û±ûÏ©2001,20190116,20200115
V2001.DCE,V2001,PVC2001,20190116,20200115
M2001.DCE,M2001,¶¹ÆÉ2001,20190116,20200115
Y2001.DCE,Y2001,¶¹ÓÍ2001,20190116,20200115
C2001.DCE,C2001,ÓñÃ×2001,20190116,20200115
CS2001.DCE,CS2001,ÓñÃ×µí·Û2001,20190116,20200115
B1103.DCE,B1103,¶¹¶þ1103,20100315,20110314
A1109.DCE,A1109,¶¹Ò»1109,20100315,20110915
A0909.DCE,A0909,¶¹Ò»0909,20080317,20090914
B2002.DCE,B2002,¶¹¶þ2002,20190222,20200214
BB2002.DCE,BB2002,½ººÏ°å2002,20190222,20200214
FB2002.DCE,FB2002,ÏËÎ¬°å2002,20190222,20200214
I2002.DCE,I2002,Ìú¿óÊ¯2002,20190222,20200214
J2002.DCE,J2002,½¹Ì¿2002,20190222,20200214
JM2002.DCE,JM2002,½¹Ãº2002,20190222,20200214
L2002.DCE,L2002,ËÜÁÏ2002,20190222,20200214
P2002.DCE,P2002,×ØéµÓÍ2002,20190222,20200214
PP2002.DCE,PP2002,¾Û±ûÏ©2002,20190222,20200214
V2002.DCE,V2002,PVC2002,20190222,20200214
EG2002.DCE,EG2002,ÒÒ¶þ´¼2002,20190226,20200225
EG2003.DCE,EG2003,ÒÒ¶þ´¼2003,20190327,20200326
JD2003.DCE,JD2003,¼¦µ°2003,20190327,20200326
Y0705.DCE,Y0705,¶¹ÓÍ0705,20060522,20070521
M0307.DCE,M0307,¶¹ÆÉ0307,20020715,20030714
P1105.DCE,P1105,×ØéµÓÍ1105,20100518,20110516
V1105.DCE,V1105,PVC1105,20100518,20110516
C1105.DCE,C1105,ÓñÃ×1105,20100518,20110516
V2004.DCE,V2004,PVC2004,20190416,20200415
EG2004.DCE,EG2004,ÒÒ¶þ´¼2004,20190426,20200427
JD2004.DCE,JD2004,¼¦µ°2004,20190426,20200427
A2005.DCE,A2005,¶¹Ò»2005,20190520,20200519
B2005.DCE,B2005,¶¹¶þ2005,20190520,20200519
BB2005.DCE,BB2005,½ººÏ°å2005,20190520,20200519
C2005.DCE,C2005,ÓñÃ×2005,20190520,20200519
CS2005.DCE,CS2005,ÓñÃ×µí·Û2005,20190520,20200519
FB2005.DCE,FB2005,ÏËÎ¬°å2005,20190520,20200519
I2005.DCE,I2005,Ìú¿óÊ¯2005,20190520,20200519
J2005.DCE,J2005,½¹Ì¿2005,20190520,20200519
JM2005.DCE,JM2005,½¹Ãº2005,20190520,20200519
L2005.DCE,L2005,ËÜÁÏ2005,20190520,20200519
M2005.DCE,M2005,¶¹ÆÉ2005,20190520,20200519
P2005.DCE,P2005,×ØéµÓÍ2005,20190520,20200519
PP2005.DCE,PP2005,¾Û±ûÏ©2005,20190520,20200519
V2005.DCE,V2005,PVC2005,20190520,20200519
Y2005.DCE,Y2005,¶¹ÓÍ2005,20190520,20200519
A1201.DCE,A1201,¶¹Ò»1201,20100715,20120117
L1107.DCE,L1107,ËÜÁÏ1107,20100715,20110714
B2006.DCE,B2006,¶¹¶þ2006,20190618,20200612
BB2006.DCE,BB2006,½ººÏ°å2006,20190618,20200612
FB2006.DCE,FB2006,ÏËÎ¬°å2006,20190618,20200612
I2006.DCE,I2006,Ìú¿óÊ¯2006,20190618,20200612
J2006.DCE,J2006,½¹Ì¿2006,20190618,20200612
JM2006.DCE,JM2006,½¹Ãº2006,20190618,20200612
L2006.DCE,L2006,ËÜÁÏ2006,20190618,20200612
P2006.DCE,P2006,×ØéµÓÍ2006,20190618,20200612
PP2006.DCE,PP2006,¾Û±ûÏ©2006,20190618,20200612
V2006.DCE,V2006,PVC2006,20190618,20200612
EG2006.DCE,EG2006,ÒÒ¶þ´¼2006,20190626,20200623
JD2006.DCE,JD2006,¼¦µ°2006,20190626,20200623
A2007.DCE,A2007,¶¹Ò»2007,20190715,20200714
B2007.DCE,B2007,¶¹¶þ2007,20190715,20200714
BB2007.DCE,BB2007,½ººÏ°å2007,20190715,20200714
C2007.DCE,C2007,ÓñÃ×2007,20190715,20200714
CS2007.DCE,CS2007,ÓñÃ×µí·Û2007,20190715,20200714
FB2007.DCE,FB2007,ÏËÎ¬°å2007,20190715,20200714
I2007.DCE,I2007,Ìú¿óÊ¯2007,20190715,20200714
J2007.DCE,J2007,½¹Ì¿2007,20190715,20200714
JM2007.DCE,JM2007,½¹Ãº2007,20190715,20200714
L0903.DCE,L0903,ËÜÁÏ0903,20080317,20090313
V1108.DCE,V1108,PVC1108,20100816,20110812
EG2007.DCE,EG2007,ÒÒ¶þ´¼2007,20190729,20200728
JD2007.DCE,JD2007,¼¦µ°2007,20190729,20200728
M2008.DCE,M2008,¶¹ÆÉ2008,20190815,20200814
Y2008.DCE,Y2008,¶¹ÓÍ2008,20190815,20200814
FB2008.DCE,FB2008,ÏËÎ¬°å2008,20190815,20200814
BB2008.DCE,BB2008,½ººÏ°å2008,20190815,20200814
I2008.DCE,I2008,Ìú¿óÊ¯2008,20190815,20200814
JM2008.DCE,JM2008,½¹Ãº2008,20190815,20200814
L2008.DCE,L2008,ËÜÁÏ2008,20190815,20200814
P2008.DCE,P2008,×ØéµÓÍ2008,20190815,20200814
PP2008.DCE,PP2008,¾Û±ûÏ©2008,20190815,20200814
V2008.DCE,V2008,PVC2008,20190815,20200814
B2008.DCE,B2008,¶¹¶þ2008,20190815,20200814
J2008.DCE,J2008,½¹Ì¿2008,20190815,20200814
B1109.DCE,B1109,¶¹¶þ1109,20100915,20110915
M1109.DCE,M1109,¶¹ÆÉ1109,20100915,20110915
JD2008.DCE,JD2008,¼¦µ°2008,20190828,20200826
EG2008.DCE,EG2008,ÒÒ¶þ´¼2008,20190828,20200826
M0701.DCE,M0701,¶¹ÆÉ0701,20060118,20070117
C0809.DCE,C0809,ÓñÃ×0809,20070917,20080912
Y0608.DCE,Y0608,¶¹ÓÍ0608,20060109,20060814
JD2009.DCE,JD2009,¼¦µ°2009,20190926,20200925
EG2009.DCE,EG2009,ÒÒ¶þ´¼2009,20190926,20200925
C0611.DCE,C0611,ÓñÃ×0611,20051115,20061114
A1205.DCE,A1205,¶¹Ò»1205,20101115,20120515
B1111.DCE,B1111,¶¹¶þ1111,20101115,20111114
V1111.DCE,V1111,PVC1111,20101115,20111114
C1111.DCE,C1111,ÓñÃ×1111,20101115,20111114
B2010.DCE,B2010,¶¹¶þ2010,20191022,20201022
BB2010.DCE,BB2010,½ººÏ°å2010,20191022,20201022
I2010.DCE,I2010,Ìú¿óÊ¯2010,20191022,20201022
J2010.DCE,J2010,½¹Ì¿2010,20191022,20201022
JM2010.DCE,JM2010,½¹Ãº2010,20191022,20201022
L2010.DCE,L2010,ËÜÁÏ2010,20191022,20201022
P2010.DCE,P2010,×ØéµÓÍ2010,20191022,20201022
PP2010.DCE,PP2010,¾Û±ûÏ©2010,20191022,20201022
V2010.DCE,V2010,PVC2010,20191022,20201022
I2011.DCE,I2011,Ìú¿óÊ¯2011,20191115,20201113
V2011.DCE,V2011,PVC2011,20191115,20201113
PP2011.DCE,PP2011,¾Û±ûÏ©2011,20191115,20201113
P2011.DCE,P2011,×ØéµÓÍ2011,20191115,20201113
L2011.DCE,L2011,ËÜÁÏ2011,20191115,20201113
JM2011.DCE,JM2011,½¹Ãº2011,20191115,20201113
J2011.DCE,J2011,½¹Ì¿2011,20191115,20201113
B2011.DCE,B2011,¶¹¶þ2011,20191115,20201113
BB2011.DCE,BB2011,½ººÏ°å2011,20191115,20201113
CS2011.DCE,CS2011,ÓñÃ×µí·Û2011,20191115,20201113
C2011.DCE,C2011,ÓñÃ×2011,20191115,20201113
M2011.DCE,M2011,¶¹ÆÉ2011,20191115,20201113
Y2011.DCE,Y2011,¶¹ÓÍ2011,20191115,20201113
A2011.DCE,A2011,¶¹Ò»2011,20191115,20201113
A0501.DCE,A0501,¶¹Ò»0501,20030715,20050117
FB2010.DCE,FB2010,ÏËÎ¬°å2010,20191202,20201022
FB2011.DCE,FB2011,ÏËÎ¬°å2011,20191202,20201113
L0911.DCE,L0911,ËÜÁÏ0911,20081117,20091113
A1207.DCE,A1207,¶¹Ò»1207,20110118,20120713
EG2012.DCE,EG2012,ÒÒ¶þ´¼2012,20191227,20201228
JD2012.DCE,JD2012,¼¦µ°2012,20191227,20201228
EB2012.DCE,EB2012,±½ÒÒÏ©2012,20191227,20201228
P1202.DCE,P1202,×ØéµÓÍ1202,20110222,20120214
A0011.DCE,A0011,¶¹Ò»0011,19991115,20001114
P1203.DCE,P1203,×ØéµÓÍ1203,20110315,20120314
C1203.DCE,C1203,ÓñÃ×1203,20110315,20120314
A0511.DCE,A0511,¶¹Ò»0511,20040524,20051114
V1205.DCE,V1205,PVC1205,20110517,20120515
Y1205.DCE,Y1205,¶¹ÓÍ1205,20110517,20120515
B1205.DCE,B1205,¶¹¶þ1205,20110517,20120515
J1205.DCE,J1205,½¹Ì¿1205,20110517,20120515
P0903.DCE,P0903,×ØéµÓÍ0903,20080317,20090313
V1206.DCE,V1206,PVC1206,20110616,20120614
V1207.DCE,V1207,PVC1207,20110715,20120713
J1207.DCE,J1207,½¹Ì¿1207,20110715,20120713
B1207.DCE,B1207,¶¹¶þ1207,20110715,20120713
M1207.DCE,M1207,¶¹ÆÉ1207,20110715,20120713
Y1207.DCE,Y1207,¶¹ÓÍ1207,20110715,20120713
A1301.DCE,A1301,¶¹Ò»1301,20110715,20130117
B0507.DCE,B0507,¶¹¶þ0507,20041222,20050714
V1208.DCE,V1208,PVC1208,20110815,20120814
P1208.DCE,P1208,×ØéµÓÍ1208,20110815,20120814
L1208.DCE,L1208,ËÜÁÏ1208,20110815,20120814
L0711.DCE,L0711,ËÜÁÏ0711,20070731,20071114
A0207.DCE,A0207,¶¹Ò»0207,20010716,20020712
L0908.DCE,L0908,ËÜÁÏ0908,20080815,20090814
Y0801.DCE,Y0801,¶¹ÓÍ0801,20070118,20080115
J1112.DCE,J1112,½¹Ì¿1112,20110415,20111214
P1209.DCE,P1209,×ØéµÓÍ1209,20110916,20120914
M0211.DCE,M0211,¶¹ÆÉ0211,20011115,20021114
V1210.DCE,V1210,PVC1210,20111024,20121019
P1210.DCE,P1210,×ØéµÓÍ1210,20111024,20121019
M1211.DCE,M1211,¶¹ÆÉ1211,20111115,20121114
A1305.DCE,A1305,¶¹Ò»1305,20111115,20130515
B1211.DCE,B1211,¶¹¶þ1211,20111115,20121114
J1211.DCE,J1211,½¹Ì¿1211,20111115,20121114
P1211.DCE,P1211,×ØéµÓÍ1211,20111115,20121114
V1211.DCE,V1211,PVC1211,20111115,20121114
A0405.DCE,A0405,¶¹Ò»0405,20021115,20040521
J1212.DCE,J1212,½¹Ì¿1212,20111215,20121214
P1212.DCE,P1212,×ØéµÓÍ1212,20111215,20121214
A0701.DCE,A0701,¶¹Ò»0701,20050715,20070117
A1307.DCE,A1307,¶¹Ò»1307,20120118,20130712
J1301.DCE,J1301,½¹Ì¿1301,20120118,20130117
M1301.DCE,M1301,¶¹ÆÉ1301,20120118,20130117
V1301.DCE,V1301,PVC1301,20120118,20130117
V1302.DCE,V1302,PVC1302,20120215,20130221
J1302.DCE,J1302,½¹Ì¿1302,20120215,20130221
B1303.DCE,B1303,¶¹¶þ1303,20120315,20130314
J1303.DCE,J1303,½¹Ì¿1303,20120315,20130314
L1303.DCE,L1303,ËÜÁÏ1303,20120315,20130314
A9911.DCE,A9911,¶¹Ò»9911,19990104,19991112
L1304.DCE,L1304,ËÜÁÏ1304,20120419,20130416
Y1305.DCE,Y1305,¶¹ÓÍ1305,20120516,20130515
L1305.DCE,L1305,ËÜÁÏ1305,20120516,20130515
A1311.DCE,A1311,¶¹Ò»1311,20120516,20131114
C1305.DCE,C1305,ÓñÃ×1305,20120516,20130515
P1306.DCE,P1306,×ØéµÓÍ1306,20120615,20130619
V1306.DCE,V1306,PVC1306,20120615,20130619
C0709.DCE,C0709,ÓñÃ×0709,20060915,20070914
L0912.DCE,L0912,ËÜÁÏ0912,20081215,20091214
L0901.DCE,L0901,ËÜÁÏ0901,20080116,20090116
M1307.DCE,M1307,¶¹ÆÉ1307,20120716,20130712
Y1307.DCE,Y1307,¶¹ÓÍ1307,20120716,20130712
L1307.DCE,L1307,ËÜÁÏ1307,20120716,20130712
A1401.DCE,A1401,¶¹Ò»1401,20120716,20140115
C1307.DCE,C1307,ÓñÃ×1307,20120716,20130712
J1308.DCE,J1308,½¹Ì¿1308,20120815,20130814
V1308.DCE,V1308,PVC1308,20120815,20130814
B0805.DCE,B0805,¶¹¶þ0805,20070522,20080516
P0812.DCE,P0812,×ØéµÓÍ0812,20071217,20081212
B0605.DCE,B0605,¶¹¶þ0605,20050523,20060519
C1309.DCE,C1309,ÓñÃ×1309,20120917,20130913
L1309.DCE,L1309,ËÜÁÏ1309,20120917,20130913
V1309.DCE,V1309,PVC1309,20120917,20130913
M0303.DCE,M0303,¶¹ÆÉ0303,20020315,20030314
B0707.DCE,B0707,¶¹¶þ0707,20060717,20070713
P1310.DCE,P1310,×ØéµÓÍ1310,20121022,20131021
B1311.DCE,B1311,¶¹¶þ1311,20121115,20131114
L1311.DCE,L1311,ËÜÁÏ1311,20121115,20131114
M1311.DCE,M1311,¶¹ÆÉ1311,20121115,20131114
P1311.DCE,P1311,×ØéµÓÍ1311,20121115,20131114
M0207.DCE,M0207,¶¹ÆÉ0207,20010716,20020712
J1312.DCE,J1312,½¹Ì¿1312,20121217,20131213
M1312.DCE,M1312,¶¹ÆÉ1312,20121217,20131213
V1312.DCE,V1312,PVC1312,20121217,20131213
C0711.DCE,C0711,ÓñÃ×0711,20061115,20071114
A9909.DCE,A9909,¶¹Ò»9909,19990104,19990914
V1401.DCE,V1401,PVC1401,20130118,20140115
A1407.DCE,A1407,¶¹Ò»1407,20130118,20140714
B1401.DCE,B1401,¶¹¶þ1401,20130118,20140115
J1401.DCE,J1401,½¹Ì¿1401,20130118,20140115
V1402.DCE,V1402,PVC1402,20130222,20140220
B1403.DCE,B1403,¶¹¶þ1403,20130315,20140314
C1403.DCE,C1403,ÓñÃ×1403,20130315,20140314
L1403.DCE,L1403,ËÜÁÏ1403,20130315,20140314
JM1307.DCE,JM1307,½¹Ãº1307,20130322,20130712
JM1310.DCE,JM1310,½¹Ãº1310,20130322,20131021
JM1401.DCE,JM1401,½¹Ãº1401,20130322,20140115
M0405.DCE,M0405,¶¹ÆÉ0405,20030526,20040521
JM1404.DCE,JM1404,½¹Ãº1404,20130417,20140415
L1404.DCE,L1404,ËÜÁÏ1404,20130417,20140415
P1404.DCE,P1404,×ØéµÓÍ1404,20130417,20140415
V1404.DCE,V1404,PVC1404,20130417,20140415
A0205.DCE,A0205,¶¹Ò»0205,20010522,20020521
M0203.DCE,M0203,¶¹ÆÉ0203,20010315,20020314
L0905.DCE,L0905,ËÜÁÏ0905,20080519,20090515
A1411.DCE,A1411,¶¹Ò»1411,20130516,20141114
V1405.DCE,V1405,PVC1405,20130516,20140516
B1405.DCE,B1405,¶¹¶þ1405,20130516,20140516
C1405.DCE,C1405,ÓñÃ×1405,20130516,20140516
JM1405.DCE,JM1405,½¹Ãº1405,20130516,20140516
Y0603.DCE,Y0603,¶¹ÓÍ0603,20060109,20060314
L1406.DCE,L1406,ËÜÁÏ1406,20130620,20140616
V1406.DCE,V1406,PVC1406,20130620,20140616
P1406.DCE,P1406,×ØéµÓÍ1406,20130620,20140616
JM1406.DCE,JM1406,½¹Ãº1406,20130620,20140616
B1407.DCE,B1407,¶¹¶þ1407,20130715,20140714
C1407.DCE,C1407,ÓñÃ×1407,20130715,20140714
J1407.DCE,J1407,½¹Ì¿1407,20130715,20140714
V1407.DCE,V1407,PVC1407,20130715,20140714
A1501.DCE,A1501,¶¹Ò»1501,20130715,20150116
L1004.DCE,L1004,ËÜÁÏ1004,20090416,20100415
P1408.DCE,P1408,×ØéµÓÍ1408,20130815,20140814
JM1408.DCE,JM1408,½¹Ãº1408,20130815,20140814
V1408.DCE,V1408,PVC1408,20130815,20140814
C0905.DCE,C0905,ÓñÃ×0905,20080519,20090515
L0801.DCE,L0801,ËÜÁÏ0801,20070731,20080115
L0809.DCE,L0809,ËÜÁÏ0809,20070917,20080912
P1409.DCE,P1409,×ØéµÓÍ1409,20130916,20140915
I1404.DCE,I1404,Ìú¿óÊ¯1404,20131018,20140415
I1407.DCE,I1407,Ìú¿óÊ¯1407,20131018,20140714
J1410.DCE,J1410,½¹Ì¿1410,20131022,20141021
JM1410.DCE,JM1410,½¹Ãº1410,20131022,20141021
I1410.DCE,I1410,Ìú¿óÊ¯1410,20131022,20141021
JD1405.DCE,JD1405,¼¦µ°1405,20131108,20140516
JD1409.DCE,JD1409,¼¦µ°1409,20131108,20140915
JD1410.DCE,JD1410,¼¦µ°1410,20131108,20141021
JD1403.DCE,JD1403,¼¦µ°1403,20131108,20140314
JM1411.DCE,JM1411,½¹Ãº1411,20131115,20141114
Y1411.DCE,Y1411,¶¹ÓÍ1411,20131115,20141114
B1411.DCE,B1411,¶¹¶þ1411,20131115,20141114
V1411.DCE,V1411,PVC1411,20131115,20141114
FB1404.DCE,FB1404,ÏËÎ¬°å1404,20131206,20140415
FB1407.DCE,FB1407,ÏËÎ¬°å1407,20131206,20140714
BB1404.DCE,BB1404,½ººÏ°å1404,20131206,20140415
BB1405.DCE,BB1405,½ººÏ°å1405,20131206,20140516
BB1408.DCE,BB1408,½ººÏ°å1408,20131206,20140814
BB1411.DCE,BB1411,½ººÏ°å1411,20131206,20141114
BB1412.DCE,BB1412,½ººÏ°å1412,20131216,20141212
J1412.DCE,J1412,½¹Ì¿1412,20131216,20141212
L1412.DCE,L1412,ËÜÁÏ1412,20131216,20141212
Y1412.DCE,Y1412,¶¹ÓÍ1412,20131216,20141212
A0209.DCE,A0209,¶¹Ò»0209,20010917,20020913
P1501.DCE,P1501,×ØéµÓÍ1501,20140116,20150116
J1501.DCE,J1501,½¹Ì¿1501,20140116,20150116
C1501.DCE,C1501,ÓñÃ×1501,20140116,20150116
BB1501.DCE,BB1501,½ººÏ°å1501,20140116,20150116
B1501.DCE,B1501,¶¹¶þ1501,20140116,20150116
Y1501.DCE,Y1501,¶¹ÓÍ1501,20140116,20150116
JM1501.DCE,JM1501,½¹Ãº1501,20140116,20150116
I1501.DCE,I1501,Ìú¿óÊ¯1501,20140116,20150116
A0001.DCE,A0001,¶¹Ò»0001,19990118,20000118
J1502.DCE,J1502,½¹Ì¿1502,20140221,20150213
L1502.DCE,L1502,ËÜÁÏ1502,20140221,20150213
JM1502.DCE,JM1502,½¹Ãº1502,20140221,20150213
BB1502.DCE,BB1502,½ººÏ°å1502,20140221,20150213
PP1409.DCE,PP1409,¾Û±ûÏ©1409,20140228,20140915
PP1410.DCE,PP1410,¾Û±ûÏ©1410,20140228,20141021
PP1412.DCE,PP1412,¾Û±ûÏ©1412,20140228,20141212
P1002.DCE,P1002,×ØéµÓÍ1002,20090216,20100212
JD1503.DCE,JD1503,¼¦µ°1503,20140317,20150313
A1509.DCE,A1509,¶¹Ò»1509,20140317,20150916
PP1503.DCE,PP1503,¾Û±ûÏ©1503,20140317,20150313
JM1503.DCE,JM1503,½¹Ãº1503,20140317,20150313
L1503.DCE,L1503,ËÜÁÏ1503,20140317,20150313
M1503.DCE,M1503,¶¹ÆÉ1503,20140317,20150313
A0611.DCE,A0611,¶¹Ò»0611,20050523,20061114
A0103.DCE,A0103,¶¹Ò»0103,20000315,20010314
P0907.DCE,P0907,×ØéµÓÍ0907,20080715,20090714
I1504.DCE,I1504,Ìú¿óÊ¯1504,20140416,20150415
FB1504.DCE,FB1504,ÏËÎ¬°å1504,20140416,20150415
V1504.DCE,V1504,PVC1504,20140416,20150415
JM1504.DCE,JM1504,½¹Ãº1504,20140416,20150415
L1504.DCE,L1504,ËÜÁÏ1504,20140416,20150415
PP1504.DCE,PP1504,¾Û±ûÏ©1504,20140416,20150415
M0401.DCE,M0401,¶¹ÆÉ0401,20030116,20040115
C1505.DCE,C1505,ÓñÃ×1505,20140519,20150515
J1505.DCE,J1505,½¹Ì¿1505,20140519,20150515
M1505.DCE,M1505,¶¹ÆÉ1505,20140519,20150515
BB1506.DCE,BB1506,½ººÏ°å1506,20140617,20150612
PP1507.DCE,PP1507,¾Û±ûÏ©1507,20140715,20150714
I1507.DCE,I1507,Ìú¿óÊ¯1507,20140715,20150714
P1507.DCE,P1507,×ØéµÓÍ1507,20140715,20150714
JM1507.DCE,JM1507,½¹Ãº1507,20140715,20150714
L1507.DCE,L1507,ËÜÁÏ1507,20140715,20150714
A0801.DCE,A0801,¶¹Ò»0801,20060717,20080115
J1109.DCE,J1109,½¹Ì¿1109,20110415,20110915
Y0605.DCE,Y0605,¶¹ÓÍ0605,20060109,20060519
PP1508.DCE,PP1508,¾Û±ûÏ©1508,20140815,20150814
L1508.DCE,L1508,ËÜÁÏ1508,20140815,20150814
A0811.DCE,A0811,¶¹Ò»0811,20070522,20081114
JD1509.DCE,JD1509,¼¦µ°1509,20140916,20150916
Y1509.DCE,Y1509,¶¹ÓÍ1509,20140916,20150916
A1603.DCE,A1603,¶¹Ò»1603,20140916,20160314
L1509.DCE,L1509,ËÜÁÏ1509,20140916,20150916
BB1509.DCE,BB1509,½ººÏ°å1509,20140916,20150916
PP1509.DCE,PP1509,¾Û±ûÏ©1509,20140916,20150916
JD1510.DCE,JD1510,¼¦µ°1510,20141022,20151021
FB1510.DCE,FB1510,ÏËÎ¬°å1510,20141022,20151021
BB1510.DCE,BB1510,½ººÏ°å1510,20141022,20151021
JM1510.DCE,JM1510,½¹Ãº1510,20141022,20151021
B0903.DCE,B0903,¶¹¶þ0903,20080317,20090313
L1511.DCE,L1511,ËÜÁÏ1511,20141117,20151113
J1511.DCE,J1511,½¹Ì¿1511,20141117,20151113
Y1511.DCE,Y1511,¶¹ÓÍ1511,20141117,20151113
PP1512.DCE,PP1512,¾Û±ûÏ©1512,20141215,20151214
CS1511.DCE,CS1511,ÓñÃ×µí·Û1511,20141219,20151113
CS1509.DCE,CS1509,ÓñÃ×µí·Û1509,20141219,20150916
CS1507.DCE,CS1507,ÓñÃ×µí·Û1507,20141219,20150714
JM1601.DCE,JM1601,½¹Ãº1601,20150119,20160115
J1601.DCE,J1601,½¹Ì¿1601,20150119,20160115
B1601.DCE,B1601,¶¹¶þ1601,20150119,20160115
Y0803.DCE,Y0803,¶¹ÓÍ0803,20070315,20080314
P1602.DCE,P1602,×ØéµÓÍ1602,20150216,20160219
P0806.DCE,P0806,×ØéµÓÍ0806,20071029,20080616
J1603.DCE,J1603,½¹Ì¿1603,20150316,20160314
FB1603.DCE,FB1603,ÏËÎ¬°å1603,20150316,20160314
Y0805.DCE,Y0805,¶¹ÓÍ0805,20070522,20080516
JD1604.DCE,JD1604,¼¦µ°1604,20150416,20160415
V1605.DCE,V1605,PVC1605,20150518,20160516
JM1605.DCE,JM1605,½¹Ãº1605,20150518,20160516
A1611.DCE,A1611,¶¹Ò»1611,20150518,20161114
JD1605.DCE,JD1605,¼¦µ°1605,20150518,20160516
B1605.DCE,B1605,¶¹¶þ1605,20150518,20160516
A0901.DCE,A0901,¶¹Ò»0901,20070716,20090116
JM1606.DCE,JM1606,½¹Ãº1606,20150615,20160616
L1606.DCE,L1606,ËÜÁÏ1606,20150615,20160616
I1606.DCE,I1606,Ìú¿óÊ¯1606,20150615,20160616
JD1606.DCE,JD1606,¼¦µ°1606,20150615,20160616
M0903.DCE,M0903,¶¹ÆÉ0903,20080317,20090313
Y1607.DCE,Y1607,¶¹ÓÍ1607,20150715,20160714
J1607.DCE,J1607,½¹Ì¿1607,20150715,20160714
P1607.DCE,P1607,×ØéµÓÍ1607,20150715,20160714
JM1607.DCE,JM1607,½¹Ãº1607,20150715,20160714
I1607.DCE,I1607,Ìú¿óÊ¯1607,20150715,20160714
BB1607.DCE,BB1607,½ººÏ°å1607,20150715,20160714
Y0809.DCE,Y0809,¶¹ÓÍ0809,20070917,20080912
A0809.DCE,A0809,¶¹Ò»0809,20070315,20080912
M1608.DCE,M1608,¶¹ÆÉ1608,20150817,20160812
PP1608.DCE,PP1608,¾Û±ûÏ©1608,20150817,20160812
BB1608.DCE,BB1608,½ººÏ°å1608,20150817,20160812
J1608.DCE,J1608,½¹Ì¿1608,20150817,20160812
L1609.DCE,L1609,ËÜÁÏ1609,20150917,20160914
L1610.DCE,L1610,ËÜÁÏ1610,20151022,20161021
V1610.DCE,V1610,PVC1610,20151022,20161021
JM1610.DCE,JM1610,½¹Ãº1610,20151022,20161021
I1610.DCE,I1610,Ìú¿óÊ¯1610,20151022,20161021
JM1611.DCE,JM1611,½¹Ãº1611,20151116,20161114
BB1612.DCE,BB1612,½ººÏ°å1612,20151215,20161214
FB1612.DCE,FB1612,ÏËÎ¬°å1612,20151215,20161214
L1612.DCE,L1612,ËÜÁÏ1612,20151215,20161214
P1612.DCE,P1612,×ØéµÓÍ1612,20151215,20161214
V1612.DCE,V1612,PVC1612,20151215,20161214
A0707.DCE,A0707,¶¹Ò»0707,20060118,20070713
C1001.DCE,C1001,ÓñÃ×1001,20090119,20100115
A0109.DCE,A0109,¶¹Ò»0109,20000915,20010914
A1707.DCE,A1707,¶¹Ò»1707,20160118,20170714
L1701.DCE,L1701,ËÜÁÏ1701,20160118,20170116
I1701.DCE,I1701,Ìú¿óÊ¯1701,20160118,20170116
BB1701.DCE,BB1701,½ººÏ°å1701,20160118,20170116
I1702.DCE,I1702,Ìú¿óÊ¯1702,20160222,20170216
L1702.DCE,L1702,ËÜÁÏ1702,20160222,20170216
PP1702.DCE,PP1702,¾Û±ûÏ©1702,20160222,20170216
V1702.DCE,V1702,PVC1702,20160222,20170216
C1703.DCE,C1703,ÓñÃ×1703,20160315,20170314
V1703.DCE,V1703,PVC1703,20160315,20170314
P1703.DCE,P1703,×ØéµÓÍ1703,20160315,20170314
JM1703.DCE,JM1703,½¹Ãº1703,20160315,20170314
FB1703.DCE,FB1703,ÏËÎ¬°å1703,20160315,20170314
A1709.DCE,A1709,¶¹Ò»1709,20160315,20170914
Y1703.DCE,Y1703,¶¹ÓÍ1703,20160315,20170314
A0911.DCE,A0911,¶¹Ò»0911,20080519,20091113
BB1704.DCE,BB1704,½ººÏ°å1704,20160418,20170418
A0309.DCE,A0309,¶¹Ò»0309,20020522,20030912
A1711.DCE,A1711,¶¹Ò»1711,20160517,20171114
BB1705.DCE,BB1705,½ººÏ°å1705,20160517,20170515
JM1705.DCE,JM1705,½¹Ãº1705,20160517,20170515
Y1705.DCE,Y1705,¶¹ÓÍ1705,20160517,20170515
I1706.DCE,I1706,Ìú¿óÊ¯1706,20160617,20170614
PP1706.DCE,PP1706,¾Û±ûÏ©1706,20160617,20170614
C0811.DCE,C0811,ÓñÃ×0811,20071115,20081114
I1707.DCE,I1707,Ìú¿óÊ¯1707,20160715,20170714
M1707.DCE,M1707,¶¹ÆÉ1707,20160715,20170714
V1707.DCE,V1707,PVC1707,20160715,20170714
J1708.DCE,J1708,½¹Ì¿1708,20160815,20170814
L1709.DCE,L1709,ËÜÁÏ1709,20160919,20170914
M1709.DCE,M1709,¶¹ÆÉ1709,20160919,20170914
V1709.DCE,V1709,PVC1709,20160919,20170914
Y0607.DCE,Y0607,¶¹ÓÍ0607,20060109,20060714
L1710.DCE,L1710,ËÜÁÏ1710,20161024,20171020
V1710.DCE,V1710,PVC1710,20161024,20171020
P1710.DCE,P1710,×ØéµÓÍ1710,20161024,20171020
JM1710.DCE,JM1710,½¹Ãº1710,20161024,20171020
I1710.DCE,I1710,Ìú¿óÊ¯1710,20161024,20171020
B0503.DCE,B0503,¶¹¶þ0503,20041222,20050314
B1711.DCE,B1711,¶¹¶þ1711,20161115,20171114
I1711.DCE,I1711,Ìú¿óÊ¯1711,20161115,20171114
CS1711.DCE,CS1711,ÓñÃ×µí·Û1711,20161115,20171114
L1711.DCE,L1711,ËÜÁÏ1711,20161115,20171114
M1711.DCE,M1711,¶¹ÆÉ1711,20161115,20171114
M0909.DCE,M0909,¶¹ÆÉ0909,20080916,20090914
I1712.DCE,I1712,Ìú¿óÊ¯1712,20161215,20171214
P0911.DCE,P0911,×ØéµÓÍ0911,20081117,20091113
Y0709.DCE,Y0709,¶¹ÓÍ0709,20060915,20070914
B0807.DCE,B0807,¶¹¶þ0807,20070716,20080714
BB1802.DCE,BB1802,½ººÏ°å1802,20170217,20180214
FB1802.DCE,FB1802,ÏËÎ¬°å1802,20170217,20180214
I1802.DCE,I1802,Ìú¿óÊ¯1802,20170217,20180214
J1802.DCE,J1802,½¹Ì¿1802,20170217,20180214
JD1802.DCE,JD1802,¼¦µ°1802,20170217,20180223
JM1802.DCE,JM1802,½¹Ãº1802,20170217,20180214
L1802.DCE,L1802,ËÜÁÏ1802,20170217,20180214
P1802.DCE,P1802,×ØéµÓÍ1802,20170217,20180214
PP1802.DCE,PP1802,¾Û±ûÏ©1802,20170217,20180214
V1802.DCE,V1802,PVC1802,20170217,20180214
M0807.DCE,M0807,¶¹ÆÉ0807,20070716,20080714
M0707.DCE,M0707,¶¹ÆÉ0707,20060717,20070713
B0505.DCE,B0505,¶¹¶þ0505,20041222,20050520
JD1805.DCE,JD1805,¼¦µ°1805,20170525,20180528
C0909.DCE,C0909,ÓñÃ×0909,20080916,20090914
M0601.DCE,M0601,¶¹ÆÉ0601,20050118,20060117
M1808.DCE,M1808,¶¹ÆÉ1808,20170815,20180814
PP1808.DCE,PP1808,¾Û±ûÏ©1808,20170815,20180814
FB1808.DCE,FB1808,ÏËÎ¬°å1808,20170815,20180814
BB1808.DCE,BB1808,½ººÏ°å1808,20170815,20180814
I1808.DCE,I1808,Ìú¿óÊ¯1808,20170815,20180814
JM1808.DCE,JM1808,½¹Ãº1808,20170815,20180814
J1808.DCE,J1808,½¹Ì¿1808,20170815,20180814
V1808.DCE,V1808,PVC1808,20170815,20180814
P1808.DCE,P1808,×ØéµÓÍ1808,20170815,20180814
L1808.DCE,L1808,ËÜÁÏ1808,20170815,20180814
Y1808.DCE,Y1808,¶¹ÓÍ1808,20170815,20180814
B1808.DCE,B1808,¶¹¶þ1808,20170815,20180814
A1007.DCE,A1007,¶¹Ò»1007,20090119,20100714
A0509.DCE,A0509,¶¹Ò»0509,20040315,20050914
P0811.DCE,P0811,×ØéµÓÍ0811,20071115,20081114
BB1810.DCE,BB1810,½ººÏ°å1810,20171023,20181019
FB1810.DCE,FB1810,ÏËÎ¬°å1810,20171023,20181019
I1810.DCE,I1810,Ìú¿óÊ¯1810,20171023,20181019
J1810.DCE,J1810,½¹Ì¿1810,20171023,20181019
JM1810.DCE,JM1810,½¹Ãº1810,20171023,20181019
L1810.DCE,L1810,ËÜÁÏ1810,20171023,20181019
P1810.DCE,P1810,×ØéµÓÍ1810,20171023,20181019
PP1810.DCE,PP1810,¾Û±ûÏ©1810,20171023,20181019
V1810.DCE,V1810,PVC1810,20171023,20181019
A1905.DCE,A1905,¶¹Ò»1905,20171115,20190517
B1811.DCE,B1811,¶¹¶þ1811,20171115,20181114
BB1811.DCE,BB1811,½ººÏ°å1811,20171115,20181114
C1811.DCE,C1811,ÓñÃ×1811,20171115,20181114
CS1811.DCE,CS1811,ÓñÃ×µí·Û1811,20171115,20181114
FB1811.DCE,FB1811,ÏËÎ¬°å1811,20171115,20181114
I1811.DCE,I1811,Ìú¿óÊ¯1811,20171115,20181114
J1811.DCE,J1811,½¹Ì¿1811,20171115,20181114
JM1811.DCE,JM1811,½¹Ãº1811,20171115,20181114
L1811.DCE,L1811,ËÜÁÏ1811,20171115,20181114
M1811.DCE,M1811,¶¹ÆÉ1811,20171115,20181114
P1811.DCE,P1811,×ØéµÓÍ1811,20171115,20181114
PP1811.DCE,PP1811,¾Û±ûÏ©1811,20171115,20181114
V1811.DCE,V1811,PVC1811,20171115,20181114
Y1811.DCE,Y1811,¶¹ÓÍ1811,20171115,20181114
JD1901.DCE,JD1901,¼¦µ°1901,20180129,20190128
M0311.DCE,M0311,¶¹ÆÉ0311,20030102,20031114
C1005.DCE,C1005,ÓñÃ×1005,20090518,20100517
Y1005.DCE,Y1005,¶¹ÓÍ1005,20090518,20100517
A1911.DCE,A1911,¶¹Ò»1911,20180516,20191114
B1905.DCE,B1905,¶¹¶þ1905,20180516,20190517
BB1905.DCE,BB1905,½ººÏ°å1905,20180516,20190517
C1905.DCE,C1905,ÓñÃ×1905,20180516,20190517
CS1905.DCE,CS1905,ÓñÃ×µí·Û1905,20180516,20190517
FB1905.DCE,FB1905,ÏËÎ¬°å1905,20180516,20190517
I1905.DCE,I1905,Ìú¿óÊ¯1905,20180516,20190517
J1905.DCE,J1905,½¹Ì¿1905,20180516,20190517
JM1905.DCE,JM1905,½¹Ãº1905,20180516,20190517
L1905.DCE,L1905,ËÜÁÏ1905,20180516,20190517
M1905.DCE,M1905,¶¹ÆÉ1905,20180516,20190517
P1905.DCE,P1905,×ØéµÓÍ1905,20180516,20190517
PP1905.DCE,PP1905,¾Û±ûÏ©1905,20180516,20190517
V1905.DCE,V1905,PVC1905,20180516,20190517
Y1905.DCE,Y1905,¶¹ÓÍ1905,20180516,20190517
P1006.DCE,P1006,×ØéµÓÍ1006,20090615,20100617
A1009.DCE,A1009,¶¹Ò»1009,20090316,20100914
B1007.DCE,B1007,¶¹¶þ1007,20090715,20100714
JD1906.DCE,JD1906,¼¦µ°1906,20180627,20190625
L1008.DCE,L1008,ËÜÁÏ1008,20090817,20100813
L1009.DCE,L1009,ËÜÁÏ1009,20090915,20100914
M1009.DCE,M1009,¶¹ÆÉ1009,20090915,20100914
B0803.DCE,B0803,¶¹¶þ0803,20070315,20080314
P0906.DCE,P0906,×ØéµÓÍ0906,20080617,20090612
A0607.DCE,A0607,¶¹Ò»0607,20050118,20060714
B1011.DCE,B1011,¶¹¶þ1011,20091116,20101112
L1011.DCE,L1011,ËÜÁÏ1011,20091116,20101112
A0401.DCE,A0401,¶¹Ò»0401,20020715,20040115
B1911.DCE,B1911,¶¹¶þ1911,20181115,20191114
BB1911.DCE,BB1911,½ººÏ°å1911,20181115,20191114
C1911.DCE,C1911,ÓñÃ×1911,20181115,20191114
CS1911.DCE,CS1911,ÓñÃ×µí·Û1911,20181115,20191114
FB1911.DCE,FB1911,ÏËÎ¬°å1911,20181115,20191114
I1911.DCE,I1911,Ìú¿óÊ¯1911,20181115,20191114
J1911.DCE,J1911,½¹Ì¿1911,20181115,20191114
JM1911.DCE,JM1911,½¹Ãº1911,20181115,20191114
L1911.DCE,L1911,ËÜÁÏ1911,20181115,20191114
M1911.DCE,M1911,¶¹ÆÉ1911,20181115,20191114
P1911.DCE,P1911,×ØéµÓÍ1911,20181115,20191114
PP1911.DCE,PP1911,¾Û±ûÏ©1911,20181115,20191114
V1911.DCE,V1911,PVC1911,20181115,20191114
Y1911.DCE,Y1911,¶¹ÓÍ1911,20181115,20191114
C0707.DCE,C0707,ÓñÃ×0707,20060717,20070713
C1101.DCE,C1101,ÓñÃ×1101,20100118,20110117
L1102.DCE,L1102,ËÜÁÏ1102,20100222,20110221
P1102.DCE,P1102,×ØéµÓÍ1102,20100222,20110221
V1102.DCE,V1102,PVC1102,20100222,20110221
M0811.DCE,M0811,¶¹ÆÉ0811,20071115,20081114
EG2001.DCE,EG2001,ÒÒ¶þ´¼2001,20190129,20200121
JD2001.DCE,JD2001,¼¦µ°2001,20190129,20200121
C1103.DCE,C1103,ÓñÃ×1103,20100315,20110314
V1103.DCE,V1103,PVC1103,20100315,20110314
L1103.DCE,L1103,ËÜÁÏ1103,20100315,20110314
A1003.DCE,A1003,¶¹Ò»1003,20080916,20100312
L1104.DCE,L1104,ËÜÁÏ1104,20100416,20110418
P1104.DCE,P1104,×ØéµÓÍ1104,20100416,20110418
A1111.DCE,A1111,¶¹Ò»1111,20100518,20111114
M1105.DCE,M1105,¶¹ÆÉ1105,20100518,20110516
M0305.DCE,M0305,¶¹ÆÉ0305,20020522,20030523
B0709.DCE,B0709,¶¹¶þ0709,20060915,20070914
C0701.DCE,C0701,ÓñÃ×0701,20060118,20070117
L1106.DCE,L1106,ËÜÁÏ1106,20100618,20110615
V1106.DCE,V1106,PVC1106,20100618,20110615
EG2005.DCE,EG2005,ÒÒ¶þ´¼2005,20190529,20200526
JD2005.DCE,JD2005,¼¦µ°2005,20190529,20200526
Y1107.DCE,Y1107,¶¹ÓÍ1107,20100715,20110714
B1107.DCE,B1107,¶¹¶þ1107,20100715,20110714
M1107.DCE,M1107,¶¹ÆÉ1107,20100715,20110714
A0111.DCE,A0111,¶¹Ò»0111,20001115,20011114
C0507.DCE,C0507,ÓñÃ×0507,20040922,20050714
L2007.DCE,L2007,ËÜÁÏ2007,20190715,20200714
M2007.DCE,M2007,¶¹ÆÉ2007,20190715,20200714
P2007.DCE,P2007,×ØéµÓÍ2007,20190715,20200714
PP2007.DCE,PP2007,¾Û±ûÏ©2007,20190715,20200714
V2007.DCE,V2007,PVC2007,20190715,20200714
Y2007.DCE,Y2007,¶¹ÓÍ2007,20190715,20200714
M1108.DCE,M1108,¶¹ÆÉ1108,20100816,20110812
RR2001.DCE,RR2001,¾¬Ã×2001,20190816,20200115
RR2002.DCE,RR2002,¾¬Ã×2002,20190816,20200214
RR2003.DCE,RR2003,¾¬Ã×2003,20190816,20200313
RR2004.DCE,RR2004,¾¬Ã×2004,20190816,20200415
RR2005.DCE,RR2005,¾¬Ã×2005,20190816,20200519
RR2006.DCE,RR2006,¾¬Ã×2006,20190816,20200612
RR2007.DCE,RR2007,¾¬Ã×2007,20190816,20200714
RR2008.DCE,RR2008,¾¬Ã×2008,20190816,20200814
A0805.DCE,A0805,¶¹Ò»0805,20061115,20080516
C1109.DCE,C1109,ÓñÃ×1109,20100915,20110915
Y1109.DCE,Y1109,¶¹ÓÍ1109,20100915,20110915
P1109.DCE,P1109,×ØéµÓÍ1109,20100915,20110915
EB2004.DCE,EB2004,±½ÒÒÏ©2004,20190926,20200427
EB2005.DCE,EB2005,±½ÒÒÏ©2005,20190926,20200526
EB2006.DCE,EB2006,±½ÒÒÏ©2006,20190926,20200623
EB2007.DCE,EB2007,±½ÒÒÏ©2007,20190926,20200728
EB2008.DCE,EB2008,±½ÒÒÏ©2008,20190926,20200826
EB2009.DCE,EB2009,±½ÒÒÏ©2009,20190926,20200925
C0505.DCE,C0505,ÓñÃ×0505,20040922,20050520
Y1111.DCE,Y1111,¶¹ÓÍ1111,20101115,20111114
L1111.DCE,L1111,ËÜÁÏ1111,20101115,20111114
EB2010.DCE,EB2010,±½ÒÒÏ©2010,20191029,20201027
EG2010.DCE,EG2010,ÒÒ¶þ´¼2010,20191029,20201027
JD2010.DCE,JD2010,¼¦µ°2010,20191029,20201027
RR2011.DCE,RR2011,¾¬Ã×2011,20191115,20201113
EG2011.DCE,EG2011,ÒÒ¶þ´¼2011,20191127,20201125
JD2011.DCE,JD2011,¼¦µ°2011,20191127,20201125
B2012.DCE,B2012,¶¹¶þ2012,20191216,20201214
BB2012.DCE,BB2012,½ººÏ°å2012,20191216,20201214
FB2012.DCE,FB2012,ÏËÎ¬°å2012,20191216,20201214
I2012.DCE,I2012,Ìú¿óÊ¯2012,20191216,20201214
J2012.DCE,J2012,½¹Ì¿2012,20191216,20201214
JM2012.DCE,JM2012,½¹Ãº2012,20191216,20201214
L2012.DCE,L2012,ËÜÁÏ2012,20191216,20201214
M2012.DCE,M2012,¶¹ÆÉ2012,20191216,20201214
P2012.DCE,P2012,×ØéµÓÍ2012,20191216,20201214
PP2012.DCE,PP2012,¾Û±ûÏ©2012,20191216,20201214
RR2012.DCE,RR2012,¾¬Ã×2012,20191216,20201214
V2012.DCE,V2012,PVC2012,20191216,20201214
Y2012.DCE,Y2012,¶¹ÓÍ2012,20191216,20201214
P1201.DCE,P1201,×ØéµÓÍ1201,20110118,20120117
M1201.DCE,M1201,¶¹ÆÉ1201,20110118,20120117
J1201.DCE,J1201,½¹Ì¿1201,20110415,20120117
A1209.DCE,A1209,¶¹Ò»1209,20110315,20120914
Y1203.DCE,Y1203,¶¹ÓÍ1203,20110315,20120314
C0901.DCE,C0901,ÓñÃ×0901,20080116,20090116
M0608.DCE,M0608,¶¹ÆÉ0608,20050815,20060814
V1204.DCE,V1204,PVC1204,20110419,20120418
M1205.DCE,M1205,¶¹ÆÉ1205,20110517,20120515
A0307.DCE,A0307,¶¹Ò»0307,20020315,20030714
B0911.DCE,B0911,¶¹¶þ0911,20081117,20091113
J1206.DCE,J1206,½¹Ì¿1206,20110616,20120614
L0907.DCE,L0907,ËÜÁÏ0907,20080715,20090714
P1207.DCE,P1207,×ØéµÓÍ1207,20110715,20120713
C1207.DCE,C1207,ÓñÃ×1207,20110715,20120713
Y1208.DCE,Y1208,¶¹ÓÍ1208,20110815,20120814
J1208.DCE,J1208,½¹Ì¿1208,20110815,20120814
A0101.DCE,A0101,¶¹Ò»0101,20000119,20010115
L1209.DCE,L1209,ËÜÁÏ1209,20110916,20120914
J1209.DCE,J1209,½¹Ì¿1209,20110916,20120914
B0811.DCE,B0811,¶¹¶þ0811,20071115,20081114
C1211.DCE,C1211,ÓñÃ×1211,20111115,20121114
M1003.DCE,M1003,¶¹ÆÉ1003,20090316,20100312
A0903.DCE,A0903,¶¹Ò»0903,20070917,20090313
L1212.DCE,L1212,ËÜÁÏ1212,20111215,20121214
M1212.DCE,M1212,¶¹ÆÉ1212,20111215,20121214
B0609.DCE,B0609,¶¹¶þ0609,20051010,20060914
B1301.DCE,B1301,¶¹¶þ1301,20120118,20130117
A0705.DCE,A0705,¶¹Ò»0705,20051115,20070521
M0803.DCE,M0803,¶¹ÆÉ0803,20070315,20080314
Y0901.DCE,Y0901,¶¹ÓÍ0901,20080116,20090116
C1303.DCE,C1303,ÓñÃ×1303,20120315,20130314
M1303.DCE,M1303,¶¹ÆÉ1303,20120315,20130314
P1303.DCE,P1303,×ØéµÓÍ1303,20120315,20130314
V1303.DCE,V1303,PVC1303,20120315,20130314
Y1303.DCE,Y1303,¶¹ÓÍ1303,20120315,20130314
V1304.DCE,V1304,PVC1304,20120419,20130416
J1304.DCE,J1304,½¹Ì¿1304,20120419,20130416
P1304.DCE,P1304,×ØéµÓÍ1304,20120419,20130416
B1305.DCE,B1305,¶¹¶þ1305,20120516,20130515
V1305.DCE,V1305,PVC1305,20120516,20130515
J1305.DCE,J1305,½¹Ì¿1305,20120516,20130515
P0801.DCE,P0801,×ØéµÓÍ0801,20071029,20080115
Y0907.DCE,Y0907,¶¹ÓÍ0907,20080715,20090714
M0607.DCE,M0607,¶¹ÆÉ0607,20050815,20060714
V1307.DCE,V1307,PVC1307,20120716,20130712
J1307.DCE,J1307,½¹Ì¿1307,20120716,20130712
Y0708.DCE,Y0708,¶¹ÓÍ0708,20060815,20070814
M0501.DCE,M0501,¶¹ÆÉ0501,20040116,20050117
P1308.DCE,P1308,×ØéµÓÍ1308,20120815,20130814
M1308.DCE,M1308,¶¹ÆÉ1308,20120815,20130814
B1309.DCE,B1309,¶¹¶þ1309,20120917,20130913
J1309.DCE,J1309,½¹Ì¿1309,20120917,20130913
M1309.DCE,M1309,¶¹ÆÉ1309,20120917,20130913
M0408.DCE,M0408,¶¹ÆÉ0408,20030815,20040813
C0803.DCE,C0803,ÓñÃ×0803,20070315,20080314
V1310.DCE,V1310,PVC1310,20121022,20131021
J1311.DCE,J1311,½¹Ì¿1311,20121115,20131114
V1311.DCE,V1311,PVC1311,20121115,20131114
P0802.DCE,P0802,×ØéµÓÍ0802,20071029,20080221
P0809.DCE,P0809,×ØéµÓÍ0809,20071029,20080912
M0705.DCE,M0705,¶¹ÆÉ0705,20060522,20070521
P1312.DCE,P1312,×ØéµÓÍ1312,20121217,20131213
M1401.DCE,M1401,¶¹ÆÉ1401,20130118,20140115
L1402.DCE,L1402,ËÜÁÏ1402,20130222,20140220
A1409.DCE,A1409,¶¹Ò»1409,20130315,20140915
P1403.DCE,P1403,×ØéµÓÍ1403,20130315,20140314
Y1403.DCE,Y1403,¶¹ÓÍ1403,20130315,20140314
JM1308.DCE,JM1308,½¹Ãº1308,20130322,20130814
JM1309.DCE,JM1309,½¹Ãº1309,20130322,20130913
P1405.DCE,P1405,×ØéµÓÍ1405,20130516,20140516
C0603.DCE,C0603,ÓñÃ×0603,20050315,20060314
J1406.DCE,J1406,½¹Ì¿1406,20130620,20140616
M1407.DCE,M1407,¶¹ÆÉ1407,20130715,20140714
Y1408.DCE,Y1408,¶¹ÓÍ1408,20130815,20140814
L1408.DCE,L1408,ËÜÁÏ1408,20130815,20140814
B1409.DCE,B1409,¶¹¶þ1409,20130916,20140915
C1409.DCE,C1409,ÓñÃ×1409,20130916,20140915
L1409.DCE,L1409,ËÜÁÏ1409,20130916,20140915
V1409.DCE,V1409,PVC1409,20130916,20140915
JM1409.DCE,JM1409,½¹Ãº1409,20130916,20140915
L0909.DCE,L0909,ËÜÁÏ0909,20080916,20090914
Y0707.DCE,Y0707,¶¹ÓÍ0707,20060717,20070713
I1405.DCE,I1405,Ìú¿óÊ¯1405,20131018,20140516
I1406.DCE,I1406,Ìú¿óÊ¯1406,20131018,20140616
I1409.DCE,I1409,Ìú¿óÊ¯1409,20131018,20140915
P1410.DCE,P1410,×ØéµÓÍ1410,20131022,20141021
JD1404.DCE,JD1404,¼¦µ°1404,20131108,20140415
JD1406.DCE,JD1406,¼¦µ°1406,20131108,20140616
M0309.DCE,M0309,¶¹ÆÉ0309,20020916,20030912
I1411.DCE,I1411,Ìú¿óÊ¯1411,20131115,20141114
JD1411.DCE,JD1411,¼¦µ°1411,20131115,20141114
C1411.DCE,C1411,ÓñÃ×1411,20131115,20141114
BB1406.DCE,BB1406,½ººÏ°å1406,20131206,20140616
A0311.DCE,A0311,¶¹Ò»0311,20020522,20031114
P1412.DCE,P1412,×ØéµÓÍ1412,20131216,20141212
V1412.DCE,V1412,PVC1412,20131216,20141212
JD1412.DCE,JD1412,¼¦µ°1412,20131216,20141212
V1501.DCE,V1501,PVC1501,20140116,20150116
FB1501.DCE,FB1501,ÏËÎ¬°å1501,20140116,20150116
JD1501.DCE,JD1501,¼¦µ°1501,20140116,20150116
P1502.DCE,P1502,×ØéµÓÍ1502,20140221,20150213
FB1502.DCE,FB1502,ÏËÎ¬°å1502,20140221,20150213
C1503.DCE,C1503,ÓñÃ×1503,20140317,20150313
P0910.DCE,P0910,×ØéµÓÍ0910,20081020,20091022
P1504.DCE,P1504,×ØéµÓÍ1504,20140416,20150415
JD1504.DCE,JD1504,¼¦µ°1504,20140416,20150415
BB1504.DCE,BB1504,½ººÏ°å1504,20140416,20150415
JD1505.DCE,JD1505,¼¦µ°1505,20140519,20150515
PP1505.DCE,PP1505,¾Û±ûÏ©1505,20140519,20150515
Y1505.DCE,Y1505,¶¹ÓÍ1505,20140519,20150515
P1505.DCE,P1505,×ØéµÓÍ1505,20140519,20150515
P1506.DCE,P1506,×ØéµÓÍ1506,20140617,20150612
L1506.DCE,L1506,ËÜÁÏ1506,20140617,20150612
V1506.DCE,V1506,PVC1506,20140617,20150612
I1506.DCE,I1506,Ìú¿óÊ¯1506,20140617,20150612
PP1506.DCE,PP1506,¾Û±ûÏ©1506,20140617,20150612
A0709.DCE,A0709,¶¹Ò»0709,20060315,20070914
A1601.DCE,A1601,¶¹Ò»1601,20140715,20160115
V1507.DCE,V1507,PVC1507,20140715,20150714
BB1507.DCE,BB1507,½ººÏ°å1507,20140715,20150714
